retriever,display_name,question_zh,question_en,recall,precision,f1,num_recalls
faiss,dense,路特斯科技的总部位于哪里？,Where is the headquarters of Lotus Technology located?,1.0,0.1,0.18181818181818182,70
faiss,dense,路特斯科技股票在哪个交易所交易？股票代码是多少？,Where is Lotus Technology's stock traded? What is the stock code for Lotus Technology?,0.7,0.2,0.3111111111111111,70
faiss,dense,路特斯科技的一股美国存托股份【ADS】代表多少股普通股？,How many ordinary shares does one American Depositary Share (ADS) of Lotus Technology represent?,1.0,0.08571428571428572,0.15789473684210528,70
faiss,dense,路特斯科技的主营业务是什么？,What is the main business of Lotus Technology?,1.0,0.17142857142857143,0.2926829268292683,70
faiss,dense,路特斯科技与路特斯汽车的关系是什么？,What is the relationship between Lotus Technology and Lotus Cars?,0.8571428571428571,0.08571428571428572,0.15584415584415584,70
faiss,dense,路特斯科技与吉利汽车的关系是什么？,What is the relationship between Lotus Technology and Geely Auto?,0.875,0.1,0.17948717948717952,70
faiss,dense,路特斯科技的股东结构构成？,What is the shareholder structure of Lotus Technology?,0.8571428571428571,0.08571428571428572,0.15584415584415584,70
faiss,dense,路特斯科技全球的门店数量是多少？生活用车已经进入多少国家、地区？,What is the total number of Lotus Technology stores globally?,0.8461538461538461,0.07857142857142857,0.1437908496732026,140
faiss,dense,路特斯科技是否受到欧洲、美国对中国的关税影响？具体适用税率是多少？,Is Lotus Technology affected by tariffs imposed by Europe and the United States on China? What are the specific applicable tax rates?,0.7142857142857143,0.14285714285714285,0.23809523809523808,70
faiss,dense,路特斯科技在售产品有哪些？价格是多少？,What are the products currently offered by Lotus Technology? What are the prices of these products?,0.6666666666666666,0.08571428571428572,0.1518987341772152,70
faiss,dense,路特斯科技截止上半年的全球交付数量是多少？,What is the global delivery volume of Lotus Technology as of the first half of the year?,1.0,0.12857142857142856,0.22784810126582278,70
faiss,dense,路特斯科技的商品销售毛利率是多少？,What is the gross margin of Lotus Technology?,0.8,0.05714285714285714,0.10666666666666666,70
faiss,dense,路特斯科技最新的销售指引？,What is the latest sales guidance for Lotus Technology?,0.8,0.05714285714285714,0.10666666666666666,70
faiss,dense,路特斯科技是否盈利？,Is Lotus Technology profitable?,1.0,0.12857142857142856,0.22784810126582278,70
faiss,dense,路特斯科技的用户画像？,What is the user profile for Lotus Technology?,0.6666666666666666,0.05714285714285714,0.10526315789473684,70
faiss,dense,路特斯科技产品的交付周期是多少？,What is the delivery cycle for Lotus Technology products?,0.8,0.05714285714285714,0.10666666666666666,70
faiss,dense,路特斯科技的员工数量？,What is the number of employees at Lotus Technology?,0.8,0.05714285714285714,0.10666666666666666,70
faiss,dense,路特斯科技的研发投入？研发人员数量？,What is the R&D investment of Lotus Technology?,0.6666666666666666,0.02857142857142857,0.0547945205479452,140
faiss,dense,路特斯科技的主要竞争优势是什么？,What are the main competitive advantages of Lotus Technology?,1.0,0.11428571428571428,0.20512820512820512,70
faiss,dense,路特斯科技的远期目标？,What are the long-term goals of Lotus Technology?,1.0,0.11428571428571428,0.20512820512820512,70
faiss,dense,路特斯科技2024年前9个月的业绩表现如何？,What is the performance of Lotus Technology for the first 9 months of 2024?,1.0,0.07142857142857142,0.13333333333333333,70
faiss,dense,路特斯科技截止3季度的全球交付数量是多少？增长如何？,What is the global delivery volume of Lotus Technology as of the third quarter? How has the delivery volume grown?,0.7777777777777778,0.1,0.17721518987341772,70
faiss,dense,路特斯科技前三季度生活用车和跑车的交付量分别是多少？,What were the delivery volumes of Lotus Technology's lifestyle vehicles and sports cars in the first three quarters?,0.4,0.02857142857142857,0.05333333333333333,70
faiss,dense,路特斯科技第三季度的交付量是多少？,What is the delivery volume of Lotus Technology in the third quarter?,0.6,0.04285714285714286,0.08,70
faiss,dense,路特斯科技的毛利率是多少？经营性利润/亏损是多少？,What is the gross margin of Lotus Technology?,0.6842105263157895,0.09285714285714286,0.16352201257861634,140
faiss,dense,路特斯科技的全年销售指引是多少？目前看是否能完成？,What is the full-year sales guidance for Lotus Technology? Is it currently on track to meet this guidance?,0.3333333333333333,0.07142857142857142,0.11764705882352941,70
faiss,dense,路特斯科技的最新员工数量？研发人员数量？,What is the latest employee count for Lotus Technology?,0.6666666666666666,0.05714285714285714,0.10526315789473684,140
faiss,dense,路特斯科技的欧洲市场、中国市场、北美市场分别的销售贡献如何？,"What are the sales contributions of Lotus Technology in the European market, Chinese market, and US market?",0.6666666666666666,0.08571428571428572,0.1518987341772152,70
faiss,dense,路特斯科技的欧洲、中国、美国分别的门店数量占比如何？,"What is the distribution of Lotus Technology's store numbers in Europe, China, and the United States?",0.8,0.05714285714285714,0.10666666666666666,70
faiss,dense,路特斯生活用车和跑车的销售占比分别怎样？,What is the sales ratio of Lotus Technology's lifestyle vehicles and sports cars?,0.875,0.1,0.17948717948717952,70
faiss,dense,路特斯科技在2024年有哪些关键性成就？,What are the key achievements of Lotus Technology in 2024?,0.8181818181818182,0.12857142857142856,0.2222222222222222,70
faiss,dense,路特斯科技的平均MSRP在什么水平？,What is the average MSRP for Lotus Technology?,0.18181818181818182,0.02857142857142857,0.04938271604938271,70
faiss,dense,路特斯科技在2024年进入了哪些新市场？,What new markets did Lotus Technology enter in 2024?,1.0,0.08571428571428572,0.15789473684210528,70
faiss,dense,路特斯科技有哪些ESG成就？,What are the ESG achievements of Lotus Technology?,0.8181818181818182,0.12857142857142856,0.2222222222222222,70
faiss,dense,路特斯的智能驾驶有哪些成就？,What are the achievements of Lotus Technology in smart driving?,1.0,0.17142857142857143,0.2926829268292683,70
faiss,dense,智能驾驶业务（也就是路特斯机器人）的销售额？,What are the sales figures for the intelligent driving business (Lotus Robotics)?,1.0,0.07142857142857142,0.13333333333333333,70
faiss,dense,介绍一下路特斯智能驾驶的NOA服务？,Can you provide an introduction to Lotus Technology's NOA (Navigate on Autopilot) service?,1.0,0.07142857142857142,0.13333333333333333,70
faiss,dense,介绍一下路特斯的Vision80计划和Win26计划,Can you introduce Lotus Technology's Vision80 plan and Win26 plan?,1.0,0.07142857142857142,0.13333333333333333,70
faiss,dense,路特斯科技2024年1-10月的销量是多少？,What are the sales figures for Lotus Technology from January to October 2024?,0.8,0.05714285714285714,0.10666666666666666,70
faiss,dense,前10个月欧洲市场和中国市场的销量贡献分别是多少？,What are the sales contributions of the European and Chinese markets for the first 10 months?,1.0,0.07142857142857142,0.13333333333333333,70
faiss,dense,哪些市场已经在销售Eletre？,Which markets are already selling the Eletre?,1.0,0.07142857142857142,0.13333333333333333,70
faiss,dense,路特斯的实控人是谁？,Who is the actual controller of Lotus Technology?,1.0,0.07142857142857142,0.13333333333333333,70
faiss,dense,路特斯是上市公司吗？,Is Lotus Technology a publicly listed company?,0.8,0.05714285714285714,0.10666666666666666,70
faiss,dense,On which exchange is Lotus Technology Inc's stock traded and what is the stock ticker?,On which exchange is Lotus Technology Inc's stock traded?,0.7,0.1,0.175,70
faiss,dense,Tell me more about Lotus management team,Tell me more about the management team of Lotus Technology,0.8,0.05714285714285714,0.10666666666666666,70
faiss,dense,Who are the core management team of Lotus?,Who are the core management team members of Lotus Technology?,1.0,0.07142857142857142,0.13333333333333333,70
faiss,dense,路特斯科技全球门店数量是多少？生活用车已经进入多少国家、地区？,What is the number of global stores for Lotus Technology?,0.8823529411764706,0.10714285714285714,0.1910828025477707,140
faiss,dense,路特斯的主要股东有哪些？,What are the major shareholders of Lotus Technology?,0.8,0.05714285714285714,0.10666666666666666,70
faiss,dense,路特斯科技在售产品有哪些？价格是多少？,What are the products currently offered by Lotus Technology?,0.75,0.02142857142857143,0.04166666666666666,140
faiss,dense,截止2季度的全球销量是多少？,What is the global sales volume as of the second quarter for Lotus Technology?,1.0,0.08571428571428572,0.15789473684210528,70
faiss,dense,预计2024年销量是多少？,What is the expected sales volume for 2024 for Lotus Technology?,0.8,0.05714285714285714,0.10666666666666666,70
faiss,dense,路特斯的主要竞争优势是什么？,What are the main competitive advantages of Lotus Technology?,1.0,0.12857142857142856,0.22784810126582278,70
faiss,dense,路特斯的长期战略目标是什么？,What is the long-term strategic goal of Lotus Technology?,0.875,0.1,0.17948717948717952,70
faiss,dense,路特斯科技和LVMH的关系是什么？,What is the relationship between Lotus Technology and LVMH?,1.0,0.1,0.18181818181818182,70
faiss,dense,路特斯科技和路特斯汽车的关系是什么？,What is the relationship between Lotus Technology and Lotus Cars?,0.75,0.08571428571428572,0.15384615384615383,70
faiss,dense,2024年9月27日LTIL和Geely UK Limited之间签署的股权转让协议，请简述协议内容,"Please summarize the content of the share transfer agreement signed between LTIL and Geely UK Limited on September 27, 2024",0.8,0.05714285714285714,0.10666666666666666,70
faiss,dense,2024年9月27日签署的股权转让协议完成之后，LTIC的股权结构是怎样的？,"What will be the equity structure of LTIC after the share transfer agreement signed on September 27, 2024, is completed?",0.4,0.02857142857142857,0.05333333333333333,70
faiss,dense,LTIC向Geely UK Limited转让LTIC股权的转让对价是多少？,What is the consideration for the transfer of LTIC shares to Geely UK Limited?,1.0,0.07142857142857142,0.13333333333333333,70
faiss,dense,Lotus Technology公告的最近一次融资是什么交易？具体的交易情况是什么样？,What was the most recent financing transaction announced by Lotus Technology? What are the specific details of this transaction?,0.1,0.014285714285714285,0.024999999999999998,70
faiss,dense,介绍一下Kershaw Health Limited,Can you provide an introduction to Kershaw Health Limited?,0.8,0.05714285714285714,0.10666666666666666,70
faiss,dense,公司对全球豪华电动车市场持什么观点？对行业竞争怎么看？,What is the company's view on the global luxury electric vehicle market? What is the company's perspective on industry competition?,0.8,0.17142857142857143,0.2823529411764706,70
faiss,dense,三款Eletre有什么区别,What are the differences between the three versions of the Eletre?,1.0,0.1,0.18181818181818182,70
faiss,dense,路特斯是否仍在销售燃油车,Is Lotus still selling gasoline cars?,0.7142857142857143,0.07142857142857142,0.12987012987012989,70
faiss,dense,简述Lotus Technology的公司架构,Please provide a brief overview of Lotus Technology's company structure.,0.7777777777777778,0.1,0.17721518987341772,70
faiss,dense,Lotus Technology是VIE架构吗？,Is Lotus Technology structured as a VIE (Variable Interest Entity)?,0.9333333333333333,0.2,0.3294117647058824,70
faiss,dense,路特斯科技在2024年1季度、2季度、3季度的跑车和生活用车交付量分别是多少？,"What are the delivery volumes of sports cars and lifestyle vehicles for Lotus Tech in Q1, Q2, and Q3 of 2024?",1.0,0.18571428571428572,0.3132530120481928,70
faiss,dense,路特斯科技在2024年1季度、2季度、3季度中国、北美、欧洲、其他市场的交付量分别是多少？,"What are the delivery volumes of Lotus Tech in China, the United States, Europe, and other markets for Q1, Q2, and Q3 of 2024?",0.8,0.17142857142857143,0.2823529411764706,70
faiss,dense,路特斯科技是否拥有路特斯品牌？,Does Lotus Tech own the Lotus brand?,0.8888888888888888,0.11428571428571428,0.20253164556962022,70
faiss,dense,路特斯科技的盈利水平和现金流情况怎么样？,What is the profit level and cash flow situation of Lotus Tech?,0.4666666666666667,0.1,0.1647058823529412,70
faiss,dense,公司如何对待用户的个人数据？,How does the company handle users personal data?,0.9166666666666666,0.15714285714285714,0.26829268292682923,70
faiss,dense,Kershaw Health Limited与Lotus Technology达成了什么协议？,What agreement has Kershaw Health Limited reached with Lotus Technology?,1.0,0.07142857142857142,0.13333333333333333,70
faiss,dense,Kershaw Health Limited认购Lotus Technology的债券金额是多少？,What is the amount of bonds subscribed by Kershaw Health Limited for Lotus Technology?,0.6666666666666666,0.05714285714285714,0.10526315789473684,70
faiss,dense,Kershaw Health Limited与Lotus Technology的交易进展如何？,What is the current status of the transaction between Kershaw Health Limited and Lotus Technology?,1.0,0.07142857142857142,0.13333333333333333,70
faiss,dense,Lotus Technology在9月和10月的交付量分别是多少？,What were the delivery numbers for Lotus Technology in September and October?,0.8,0.11428571428571428,0.19999999999999998,70
faiss,dense,介绍一下吉利控股？吉利控股给路特斯科技带来什么助力？,What is Geely Holding? How does Geely Holding support Lotus Technology?,0.96875,0.44285714285714284,0.6078431372549019,70
faiss_bm25,bm25,路特斯科技的总部位于哪里？,Where is the headquarters of Lotus Technology located?,1.0,0.10606060606060606,0.19178082191780824,66
faiss_bm25,bm25,路特斯科技股票在哪个交易所交易？股票代码是多少？,Where is Lotus Technology's stock traded? What is the stock code for Lotus Technology?,0.8,0.25396825396825395,0.38554216867469876,63
faiss_bm25,bm25,路特斯科技的一股美国存托股份【ADS】代表多少股普通股？,How many ordinary shares does one American Depositary Share (ADS) of Lotus Technology represent?,0.8333333333333334,0.08620689655172414,0.15625000000000003,58
faiss_bm25,bm25,路特斯科技的主营业务是什么？,What is the main business of Lotus Technology?,1.0,0.1791044776119403,0.30379746835443033,67
faiss_bm25,bm25,路特斯科技与路特斯汽车的关系是什么？,What is the relationship between Lotus Technology and Lotus Cars?,0.8571428571428571,0.08695652173913043,0.15789473684210523,69
faiss_bm25,bm25,路特斯科技与吉利汽车的关系是什么？,What is the relationship between Lotus Technology and Geely Auto?,0.875,0.1320754716981132,0.22950819672131148,53
faiss_bm25,bm25,路特斯科技的股东结构构成？,What is the shareholder structure of Lotus Technology?,0.8571428571428571,0.08823529411764706,0.16,68
faiss_bm25,bm25,路特斯科技全球的门店数量是多少？生活用车已经进入多少国家、地区？,What is the total number of Lotus Technology stores globally?,1.0,0.11206896551724138,0.20155038759689925,116
faiss_bm25,bm25,路特斯科技是否受到欧洲、美国对中国的关税影响？具体适用税率是多少？,Is Lotus Technology affected by tariffs imposed by Europe and the United States on China? What are the specific applicable tax rates?,0.9285714285714286,0.22807017543859648,0.3661971830985915,57
faiss_bm25,bm25,路特斯科技在售产品有哪些？价格是多少？,What are the products currently offered by Lotus Technology? What are the prices of these products?,0.5555555555555556,0.07246376811594203,0.12820512820512822,69
faiss_bm25,bm25,路特斯科技截止上半年的全球交付数量是多少？,What is the global delivery volume of Lotus Technology as of the first half of the year?,0.8888888888888888,0.14285714285714285,0.24615384615384617,56
faiss_bm25,bm25,路特斯科技的商品销售毛利率是多少？,What is the gross margin of Lotus Technology?,1.0,0.08196721311475409,0.1515151515151515,61
faiss_bm25,bm25,路特斯科技最新的销售指引？,What is the latest sales guidance for Lotus Technology?,0.6,0.043478260869565216,0.08108108108108109,69
faiss_bm25,bm25,路特斯科技是否盈利？,Is Lotus Technology profitable?,1.0,0.15,0.2608695652173913,60
faiss_bm25,bm25,路特斯科技的用户画像？,What is the user profile for Lotus Technology?,0.6666666666666666,0.057971014492753624,0.10666666666666666,69
faiss_bm25,bm25,路特斯科技产品的交付周期是多少？,What is the delivery cycle for Lotus Technology products?,0.8,0.06060606060606061,0.11267605633802819,66
faiss_bm25,bm25,路特斯科技的员工数量？,What is the number of employees at Lotus Technology?,0.8,0.06349206349206349,0.11764705882352941,63
faiss_bm25,bm25,路特斯科技的研发投入？研发人员数量？,What is the R&D investment of Lotus Technology?,0.5,0.02158273381294964,0.04137931034482759,139
faiss_bm25,bm25,路特斯科技的主要竞争优势是什么？,What are the main competitive advantages of Lotus Technology?,1.0,0.12903225806451613,0.2285714285714286,62
faiss_bm25,bm25,路特斯科技的远期目标？,What are the long-term goals of Lotus Technology?,1.0,0.12121212121212122,0.21621621621621626,66
faiss_bm25,bm25,路特斯科技2024年前9个月的业绩表现如何？,What is the performance of Lotus Technology for the first 9 months of 2024?,1.0,0.09803921568627451,0.17857142857142855,51
faiss_bm25,bm25,路特斯科技截止3季度的全球交付数量是多少？增长如何？,What is the global delivery volume of Lotus Technology as of the third quarter? How has the delivery volume grown?,0.7777777777777778,0.11864406779661017,0.2058823529411765,59
faiss_bm25,bm25,路特斯科技前三季度生活用车和跑车的交付量分别是多少？,What were the delivery volumes of Lotus Technology's lifestyle vehicles and sports cars in the first three quarters?,0.6,0.05357142857142857,0.0983606557377049,56
faiss_bm25,bm25,路特斯科技第三季度的交付量是多少？,What is the delivery volume of Lotus Technology in the third quarter?,1.0,0.08620689655172414,0.15873015873015872,58
faiss_bm25,bm25,路特斯科技的毛利率是多少？经营性利润/亏损是多少？,What is the gross margin of Lotus Technology?,0.631578947368421,0.09836065573770492,0.1702127659574468,122
faiss_bm25,bm25,路特斯科技的全年销售指引是多少？目前看是否能完成？,What is the full-year sales guidance for Lotus Technology? Is it currently on track to meet this guidance?,0.4,0.08695652173913043,0.14285714285714285,69
faiss_bm25,bm25,路特斯科技的最新员工数量？研发人员数量？,What is the latest employee count for Lotus Technology?,0.8333333333333334,0.07407407407407407,0.13605442176870747,135
faiss_bm25,bm25,路特斯科技的欧洲市场、中国市场、北美市场分别的销售贡献如何？,"What are the sales contributions of Lotus Technology in the European market, Chinese market, and US market?",0.6666666666666666,0.09230769230769231,0.16216216216216217,65
faiss_bm25,bm25,路特斯科技的欧洲、中国、美国分别的门店数量占比如何？,"What is the distribution of Lotus Technology's store numbers in Europe, China, and the United States?",0.8,0.06896551724137931,0.12698412698412698,58
faiss_bm25,bm25,路特斯生活用车和跑车的销售占比分别怎样？,What is the sales ratio of Lotus Technology's lifestyle vehicles and sports cars?,0.875,0.1320754716981132,0.22950819672131148,53
faiss_bm25,bm25,路特斯科技在2024年有哪些关键性成就？,What are the key achievements of Lotus Technology in 2024?,0.8181818181818182,0.16666666666666666,0.2769230769230769,54
faiss_bm25,bm25,路特斯科技的平均MSRP在什么水平？,What is the average MSRP for Lotus Technology?,1.0,0.16417910447761194,0.28205128205128205,67
faiss_bm25,bm25,路特斯科技在2024年进入了哪些新市场？,What new markets did Lotus Technology enter in 2024?,1.0,0.10526315789473684,0.1904761904761905,57
faiss_bm25,bm25,路特斯科技有哪些ESG成就？,What are the ESG achievements of Lotus Technology?,0.8181818181818182,0.14754098360655737,0.24999999999999997,61
faiss_bm25,bm25,路特斯的智能驾驶有哪些成就？,What are the achievements of Lotus Technology in smart driving?,0.9166666666666666,0.1746031746031746,0.29333333333333333,63
faiss_bm25,bm25,智能驾驶业务（也就是路特斯机器人）的销售额？,What are the sales figures for the intelligent driving business (Lotus Robotics)?,1.0,0.09259259259259259,0.1694915254237288,54
faiss_bm25,bm25,介绍一下路特斯智能驾驶的NOA服务？,Can you provide an introduction to Lotus Technology's NOA (Navigate on Autopilot) service?,1.0,0.08064516129032258,0.1492537313432836,62
faiss_bm25,bm25,介绍一下路特斯的Vision80计划和Win26计划,Can you introduce Lotus Technology's Vision80 plan and Win26 plan?,1.0,0.08196721311475409,0.1515151515151515,61
faiss_bm25,bm25,路特斯科技2024年1-10月的销量是多少？,What are the sales figures for Lotus Technology from January to October 2024?,1.0,0.078125,0.14492753623188406,64
faiss_bm25,bm25,前10个月欧洲市场和中国市场的销量贡献分别是多少？,What are the sales contributions of the European and Chinese markets for the first 10 months?,1.0,0.09433962264150944,0.1724137931034483,53
faiss_bm25,bm25,哪些市场已经在销售Eletre？,Which markets are already selling the Eletre?,1.0,0.09259259259259259,0.1694915254237288,54
faiss_bm25,bm25,路特斯的实控人是谁？,Who is the actual controller of Lotus Technology?,1.0,0.07142857142857142,0.13333333333333333,70
faiss_bm25,bm25,路特斯是上市公司吗？,Is Lotus Technology a publicly listed company?,1.0,0.078125,0.14492753623188406,64
faiss_bm25,bm25,On which exchange is Lotus Technology Inc's stock traded and what is the stock ticker?,On which exchange is Lotus Technology Inc's stock traded?,0.8,0.125,0.21621621621621623,64
faiss_bm25,bm25,Tell me more about Lotus management team,Tell me more about the management team of Lotus Technology,0.6,0.045454545454545456,0.08450704225352113,66
faiss_bm25,bm25,Who are the core management team of Lotus?,Who are the core management team members of Lotus Technology?,1.0,0.08064516129032258,0.1492537313432836,62
faiss_bm25,bm25,路特斯科技全球门店数量是多少？生活用车已经进入多少国家、地区？,What is the number of global stores for Lotus Technology?,0.8823529411764706,0.12931034482758622,0.22556390977443608,116
faiss_bm25,bm25,路特斯的主要股东有哪些？,What are the major shareholders of Lotus Technology?,0.6,0.043478260869565216,0.08108108108108109,69
faiss_bm25,bm25,路特斯科技在售产品有哪些？价格是多少？,What are the products currently offered by Lotus Technology?,1.0,0.029197080291970802,0.05673758865248227,137
faiss_bm25,bm25,截止2季度的全球销量是多少？,What is the global sales volume as of the second quarter for Lotus Technology?,1.0,0.1,0.18181818181818182,60
faiss_bm25,bm25,预计2024年销量是多少？,What is the expected sales volume for 2024 for Lotus Technology?,1.0,0.07692307692307693,0.14285714285714288,65
faiss_bm25,bm25,路特斯的主要竞争优势是什么？,What are the main competitive advantages of Lotus Technology?,1.0,0.14516129032258066,0.2535211267605634,62
faiss_bm25,bm25,路特斯的长期战略目标是什么？,What is the long-term strategic goal of Lotus Technology?,0.875,0.10606060606060606,0.1891891891891892,66
faiss_bm25,bm25,路特斯科技和LVMH的关系是什么？,What is the relationship between Lotus Technology and LVMH?,0.8571428571428571,0.0967741935483871,0.17391304347826084,62
faiss_bm25,bm25,路特斯科技和路特斯汽车的关系是什么？,What is the relationship between Lotus Technology and Lotus Cars?,0.75,0.08695652173913043,0.15584415584415584,69
faiss_bm25,bm25,2024年9月27日LTIL和Geely UK Limited之间签署的股权转让协议，请简述协议内容,"Please summarize the content of the share transfer agreement signed between LTIL and Geely UK Limited on September 27, 2024",0.8,0.07692307692307693,0.14035087719298248,52
faiss_bm25,bm25,2024年9月27日签署的股权转让协议完成之后，LTIC的股权结构是怎样的？,"What will be the equity structure of LTIC after the share transfer agreement signed on September 27, 2024, is completed?",0.6,0.046153846153846156,0.08571428571428573,65
faiss_bm25,bm25,LTIC向Geely UK Limited转让LTIC股权的转让对价是多少？,What is the consideration for the transfer of LTIC shares to Geely UK Limited?,1.0,0.10638297872340426,0.1923076923076923,47
faiss_bm25,bm25,Lotus Technology公告的最近一次融资是什么交易？具体的交易情况是什么样？,What was the most recent financing transaction announced by Lotus Technology? What are the specific details of this transaction?,0.2,0.02857142857142857,0.049999999999999996,70
faiss_bm25,bm25,介绍一下Kershaw Health Limited,Can you provide an introduction to Kershaw Health Limited?,0.8,0.06451612903225806,0.11940298507462686,62
faiss_bm25,bm25,公司对全球豪华电动车市场持什么观点？对行业竞争怎么看？,What is the company's view on the global luxury electric vehicle market? What is the company's perspective on industry competition?,0.8666666666666667,0.2549019607843137,0.3939393939393939,51
faiss_bm25,bm25,三款Eletre有什么区别,What are the differences between the three versions of the Eletre?,1.0,0.1320754716981132,0.23333333333333334,53
faiss_bm25,bm25,路特斯是否仍在销售燃油车,Is Lotus still selling gasoline cars?,0.42857142857142855,0.04477611940298507,0.08108108108108107,67
faiss_bm25,bm25,简述Lotus Technology的公司架构,Please provide a brief overview of Lotus Technology's company structure.,0.8888888888888888,0.11940298507462686,0.2105263157894737,67
faiss_bm25,bm25,Lotus Technology是VIE架构吗？,Is Lotus Technology structured as a VIE (Variable Interest Entity)?,0.8666666666666667,0.2826086956521739,0.4262295081967213,46
faiss_bm25,bm25,路特斯科技在2024年1季度、2季度、3季度的跑车和生活用车交付量分别是多少？,"What are the delivery volumes of sports cars and lifestyle vehicles for Lotus Tech in Q1, Q2, and Q3 of 2024?",0.8461538461538461,0.2037037037037037,0.3283582089552239,54
faiss_bm25,bm25,路特斯科技在2024年1季度、2季度、3季度中国、北美、欧洲、其他市场的交付量分别是多少？,"What are the delivery volumes of Lotus Tech in China, the United States, Europe, and other markets for Q1, Q2, and Q3 of 2024?",0.9333333333333333,0.2641509433962264,0.411764705882353,53
faiss_bm25,bm25,路特斯科技是否拥有路特斯品牌？,Does Lotus Tech own the Lotus brand?,0.6666666666666666,0.09836065573770492,0.1714285714285714,61
faiss_bm25,bm25,路特斯科技的盈利水平和现金流情况怎么样？,What is the profit level and cash flow situation of Lotus Tech?,0.4666666666666667,0.10606060606060606,0.1728395061728395,66
faiss_bm25,bm25,公司如何对待用户的个人数据？,How does the company handle users personal data?,0.9166666666666666,0.2037037037037037,0.3333333333333333,54
faiss_bm25,bm25,Kershaw Health Limited与Lotus Technology达成了什么协议？,What agreement has Kershaw Health Limited reached with Lotus Technology?,1.0,0.08064516129032258,0.1492537313432836,62
faiss_bm25,bm25,Kershaw Health Limited认购Lotus Technology的债券金额是多少？,What is the amount of bonds subscribed by Kershaw Health Limited for Lotus Technology?,1.0,0.1,0.18181818181818182,60
faiss_bm25,bm25,Kershaw Health Limited与Lotus Technology的交易进展如何？,What is the current status of the transaction between Kershaw Health Limited and Lotus Technology?,1.0,0.07936507936507936,0.14705882352941177,63
faiss_bm25,bm25,Lotus Technology在9月和10月的交付量分别是多少？,What were the delivery numbers for Lotus Technology in September and October?,0.8,0.12903225806451613,0.2222222222222222,62
faiss_bm25,bm25,介绍一下吉利控股？吉利控股给路特斯科技带来什么助力？,What is Geely Holding? How does Geely Holding support Lotus Technology?,0.84375,0.5625,0.675,48
faiss_bm25_ts,bm25_ts,路特斯科技的总部位于哪里？,Where is the headquarters of Lotus Technology located?,1.0,0.12962962962962962,0.22950819672131148,54
faiss_bm25_ts,bm25_ts,路特斯科技股票在哪个交易所交易？股票代码是多少？,Where is Lotus Technology's stock traded? What is the stock code for Lotus Technology?,0.9,0.3103448275862069,0.4615384615384615,58
faiss_bm25_ts,bm25_ts,路特斯科技的一股美国存托股份【ADS】代表多少股普通股？,How many ordinary shares does one American Depositary Share (ADS) of Lotus Technology represent?,0.8333333333333334,0.05154639175257732,0.0970873786407767,97
faiss_bm25_ts,bm25_ts,路特斯科技的主营业务是什么？,What is the main business of Lotus Technology?,1.0,0.18181818181818182,0.3076923076923077,66
faiss_bm25_ts,bm25_ts,路特斯科技与路特斯汽车的关系是什么？,What is the relationship between Lotus Technology and Lotus Cars?,1.0,0.10144927536231885,0.1842105263157895,69
faiss_bm25_ts,bm25_ts,路特斯科技与吉利汽车的关系是什么？,What is the relationship between Lotus Technology and Geely Auto?,0.875,0.12727272727272726,0.22222222222222224,55
faiss_bm25_ts,bm25_ts,路特斯科技的股东结构构成？,What is the shareholder structure of Lotus Technology?,1.0,0.10606060606060606,0.19178082191780824,66
faiss_bm25_ts,bm25_ts,路特斯科技全球的门店数量是多少？生活用车已经进入多少国家、地区？,What is the total number of Lotus Technology stores globally?,0.9230769230769231,0.10434782608695652,0.18749999999999997,115
faiss_bm25_ts,bm25_ts,路特斯科技是否受到欧洲、美国对中国的关税影响？具体适用税率是多少？,Is Lotus Technology affected by tariffs imposed by Europe and the United States on China? What are the specific applicable tax rates?,0.9285714285714286,0.19696969696969696,0.32499999999999996,66
faiss_bm25_ts,bm25_ts,路特斯科技在售产品有哪些？价格是多少？,What are the products currently offered by Lotus Technology? What are the prices of these products?,0.6666666666666666,0.1016949152542373,0.1764705882352941,59
faiss_bm25_ts,bm25_ts,路特斯科技截止上半年的全球交付数量是多少？,What is the global delivery volume of Lotus Technology as of the first half of the year?,0.8888888888888888,0.1702127659574468,0.2857142857142857,47
faiss_bm25_ts,bm25_ts,路特斯科技的商品销售毛利率是多少？,What is the gross margin of Lotus Technology?,1.0,0.058823529411764705,0.1111111111111111,85
faiss_bm25_ts,bm25_ts,路特斯科技最新的销售指引？,What is the latest sales guidance for Lotus Technology?,1.0,0.08333333333333333,0.15384615384615385,60
faiss_bm25_ts,bm25_ts,路特斯科技是否盈利？,Is Lotus Technology profitable?,1.0,0.10975609756097561,0.1978021978021978,82
faiss_bm25_ts,bm25_ts,路特斯科技的用户画像？,What is the user profile for Lotus Technology?,1.0,0.0759493670886076,0.1411764705882353,79
faiss_bm25_ts,bm25_ts,路特斯科技产品的交付周期是多少？,What is the delivery cycle for Lotus Technology products?,1.0,0.0847457627118644,0.15625,59
faiss_bm25_ts,bm25_ts,路特斯科技的员工数量？,What is the number of employees at Lotus Technology?,1.0,0.09090909090909091,0.16666666666666669,55
faiss_bm25_ts,bm25_ts,路特斯科技的研发投入？研发人员数量？,What is the R&D investment of Lotus Technology?,0.5,0.02127659574468085,0.04081632653061224,141
faiss_bm25_ts,bm25_ts,路特斯科技的主要竞争优势是什么？,What are the main competitive advantages of Lotus Technology?,1.0,0.13333333333333333,0.23529411764705882,60
faiss_bm25_ts,bm25_ts,路特斯科技的远期目标？,What are the long-term goals of Lotus Technology?,1.0,0.14545454545454545,0.25396825396825395,55
faiss_bm25_ts,bm25_ts,路特斯科技2024年前9个月的业绩表现如何？,What is the performance of Lotus Technology for the first 9 months of 2024?,1.0,0.07042253521126761,0.13157894736842107,71
faiss_bm25_ts,bm25_ts,路特斯科技截止3季度的全球交付数量是多少？增长如何？,What is the global delivery volume of Lotus Technology as of the third quarter? How has the delivery volume grown?,0.7777777777777778,0.12727272727272726,0.21874999999999994,55
faiss_bm25_ts,bm25_ts,路特斯科技前三季度生活用车和跑车的交付量分别是多少？,What were the delivery volumes of Lotus Technology's lifestyle vehicles and sports cars in the first three quarters?,0.6,0.057692307692307696,0.10526315789473685,52
faiss_bm25_ts,bm25_ts,路特斯科技第三季度的交付量是多少？,What is the delivery volume of Lotus Technology in the third quarter?,1.0,0.08771929824561403,0.16129032258064516,57
faiss_bm25_ts,bm25_ts,路特斯科技的毛利率是多少？经营性利润/亏损是多少？,What is the gross margin of Lotus Technology?,0.9473684210526315,0.09,0.1643835616438356,200
faiss_bm25_ts,bm25_ts,路特斯科技的全年销售指引是多少？目前看是否能完成？,What is the full-year sales guidance for Lotus Technology? Is it currently on track to meet this guidance?,0.4,0.075,0.1263157894736842,80
faiss_bm25_ts,bm25_ts,路特斯科技的最新员工数量？研发人员数量？,What is the latest employee count for Lotus Technology?,0.75,0.06206896551724138,0.11464968152866241,145
faiss_bm25_ts,bm25_ts,路特斯科技的欧洲市场、中国市场、北美市场分别的销售贡献如何？,"What are the sales contributions of Lotus Technology in the European market, Chinese market, and US market?",1.0,0.16071428571428573,0.27692307692307694,56
faiss_bm25_ts,bm25_ts,路特斯科技的欧洲、中国、美国分别的门店数量占比如何？,"What is the distribution of Lotus Technology's store numbers in Europe, China, and the United States?",1.0,0.09433962264150944,0.1724137931034483,53
faiss_bm25_ts,bm25_ts,路特斯生活用车和跑车的销售占比分别怎样？,What is the sales ratio of Lotus Technology's lifestyle vehicles and sports cars?,0.75,0.1016949152542373,0.17910447761194032,59
faiss_bm25_ts,bm25_ts,路特斯科技在2024年有哪些关键性成就？,What are the key achievements of Lotus Technology in 2024?,1.0,0.16176470588235295,0.27848101265822783,68
faiss_bm25_ts,bm25_ts,路特斯科技的平均MSRP在什么水平？,What is the average MSRP for Lotus Technology?,1.0,0.171875,0.29333333333333333,64
faiss_bm25_ts,bm25_ts,路特斯科技在2024年进入了哪些新市场？,What new markets did Lotus Technology enter in 2024?,1.0,0.08450704225352113,0.15584415584415587,71
faiss_bm25_ts,bm25_ts,路特斯科技有哪些ESG成就？,What are the ESG achievements of Lotus Technology?,1.0,0.16666666666666666,0.2857142857142857,66
faiss_bm25_ts,bm25_ts,路特斯的智能驾驶有哪些成就？,What are the achievements of Lotus Technology in smart driving?,0.9166666666666666,0.16666666666666666,0.28205128205128205,66
faiss_bm25_ts,bm25_ts,智能驾驶业务（也就是路特斯机器人）的销售额？,What are the sales figures for the intelligent driving business (Lotus Robotics)?,1.0,0.09433962264150944,0.1724137931034483,53
faiss_bm25_ts,bm25_ts,介绍一下路特斯智能驾驶的NOA服务？,Can you provide an introduction to Lotus Technology's NOA (Navigate on Autopilot) service?,1.0,0.08333333333333333,0.15384615384615385,60
faiss_bm25_ts,bm25_ts,介绍一下路特斯的Vision80计划和Win26计划,Can you introduce Lotus Technology's Vision80 plan and Win26 plan?,1.0,0.0847457627118644,0.15625,59
faiss_bm25_ts,bm25_ts,路特斯科技2024年1-10月的销量是多少？,What are the sales figures for Lotus Technology from January to October 2024?,1.0,0.0641025641025641,0.12048192771084336,78
faiss_bm25_ts,bm25_ts,前10个月欧洲市场和中国市场的销量贡献分别是多少？,What are the sales contributions of the European and Chinese markets for the first 10 months?,1.0,0.09433962264150944,0.1724137931034483,53
faiss_bm25_ts,bm25_ts,哪些市场已经在销售Eletre？,Which markets are already selling the Eletre?,1.0,0.07575757575757576,0.14084507042253522,66
faiss_bm25_ts,bm25_ts,路特斯的实控人是谁？,Who is the actual controller of Lotus Technology?,1.0,0.08064516129032258,0.1492537313432836,62
faiss_bm25_ts,bm25_ts,路特斯是上市公司吗？,Is Lotus Technology a publicly listed company?,1.0,0.07936507936507936,0.14705882352941177,63
faiss_bm25_ts,bm25_ts,On which exchange is Lotus Technology Inc's stock traded and what is the stock ticker?,On which exchange is Lotus Technology Inc's stock traded?,0.9,0.14285714285714285,0.24657534246575338,63
faiss_bm25_ts,bm25_ts,Tell me more about Lotus management team,Tell me more about the management team of Lotus Technology,0.4,0.03389830508474576,0.0625,59
faiss_bm25_ts,bm25_ts,Who are the core management team of Lotus?,Who are the core management team members of Lotus Technology?,1.0,0.09259259259259259,0.1694915254237288,54
faiss_bm25_ts,bm25_ts,路特斯科技全球门店数量是多少？生活用车已经进入多少国家、地区？,What is the number of global stores for Lotus Technology?,0.8235294117647058,0.1308411214953271,0.2258064516129032,107
faiss_bm25_ts,bm25_ts,路特斯的主要股东有哪些？,What are the major shareholders of Lotus Technology?,0.8,0.06666666666666667,0.12307692307692308,60
faiss_bm25_ts,bm25_ts,路特斯科技在售产品有哪些？价格是多少？,What are the products currently offered by Lotus Technology?,1.0,0.030534351145038167,0.059259259259259255,131
faiss_bm25_ts,bm25_ts,截止2季度的全球销量是多少？,What is the global sales volume as of the second quarter for Lotus Technology?,1.0,0.10714285714285714,0.19354838709677416,56
faiss_bm25_ts,bm25_ts,预计2024年销量是多少？,What is the expected sales volume for 2024 for Lotus Technology?,1.0,0.06329113924050633,0.11904761904761907,79
faiss_bm25_ts,bm25_ts,路特斯的主要竞争优势是什么？,What are the main competitive advantages of Lotus Technology?,1.0,0.15,0.2608695652173913,60
faiss_bm25_ts,bm25_ts,路特斯的长期战略目标是什么？,What is the long-term strategic goal of Lotus Technology?,0.875,0.12727272727272726,0.22222222222222224,55
faiss_bm25_ts,bm25_ts,路特斯科技和LVMH的关系是什么？,What is the relationship between Lotus Technology and LVMH?,1.0,0.10294117647058823,0.18666666666666665,68
faiss_bm25_ts,bm25_ts,路特斯科技和路特斯汽车的关系是什么？,What is the relationship between Lotus Technology and Lotus Cars?,1.0,0.11594202898550725,0.20779220779220778,69
faiss_bm25_ts,bm25_ts,2024年9月27日LTIL和Geely UK Limited之间签署的股权转让协议，请简述协议内容,"Please summarize the content of the share transfer agreement signed between LTIL and Geely UK Limited on September 27, 2024",0.8,0.0851063829787234,0.15384615384615383,47
faiss_bm25_ts,bm25_ts,2024年9月27日签署的股权转让协议完成之后，LTIC的股权结构是怎样的？,"What will be the equity structure of LTIC after the share transfer agreement signed on September 27, 2024, is completed?",0.6,0.041666666666666664,0.07792207792207792,72
faiss_bm25_ts,bm25_ts,LTIC向Geely UK Limited转让LTIC股权的转让对价是多少？,What is the consideration for the transfer of LTIC shares to Geely UK Limited?,1.0,0.09615384615384616,0.17543859649122806,52
faiss_bm25_ts,bm25_ts,Lotus Technology公告的最近一次融资是什么交易？具体的交易情况是什么样？,What was the most recent financing transaction announced by Lotus Technology? What are the specific details of this transaction?,0.5,0.05,0.09090909090909091,100
faiss_bm25_ts,bm25_ts,介绍一下Kershaw Health Limited,Can you provide an introduction to Kershaw Health Limited?,1.0,0.06172839506172839,0.11627906976744184,81
faiss_bm25_ts,bm25_ts,公司对全球豪华电动车市场持什么观点？对行业竞争怎么看？,What is the company's view on the global luxury electric vehicle market? What is the company's perspective on industry competition?,1.0,0.22058823529411764,0.36144578313253006,68
faiss_bm25_ts,bm25_ts,三款Eletre有什么区别,What are the differences between the three versions of the Eletre?,1.0,0.109375,0.19718309859154928,64
faiss_bm25_ts,bm25_ts,路特斯是否仍在销售燃油车,Is Lotus still selling gasoline cars?,0.5714285714285714,0.0547945205479452,0.1,73
faiss_bm25_ts,bm25_ts,简述Lotus Technology的公司架构,Please provide a brief overview of Lotus Technology's company structure.,1.0,0.15,0.2608695652173913,60
faiss_bm25_ts,bm25_ts,Lotus Technology是VIE架构吗？,Is Lotus Technology structured as a VIE (Variable Interest Entity)?,0.9333333333333333,0.2978723404255319,0.4516129032258065,47
faiss_bm25_ts,bm25_ts,路特斯科技在2024年1季度、2季度、3季度的跑车和生活用车交付量分别是多少？,"What are the delivery volumes of sports cars and lifestyle vehicles for Lotus Tech in Q1, Q2, and Q3 of 2024?",0.9230769230769231,0.21052631578947367,0.34285714285714286,57
faiss_bm25_ts,bm25_ts,路特斯科技在2024年1季度、2季度、3季度中国、北美、欧洲、其他市场的交付量分别是多少？,"What are the delivery volumes of Lotus Tech in China, the United States, Europe, and other markets for Q1, Q2, and Q3 of 2024?",1.0,0.29411764705882354,0.45454545454545453,51
faiss_bm25_ts,bm25_ts,路特斯科技是否拥有路特斯品牌？,Does Lotus Tech own the Lotus brand?,0.8888888888888888,0.12121212121212122,0.21333333333333335,66
faiss_bm25_ts,bm25_ts,路特斯科技的盈利水平和现金流情况怎么样？,What is the profit level and cash flow situation of Lotus Tech?,0.9333333333333333,0.14285714285714285,0.24778761061946902,98
faiss_bm25_ts,bm25_ts,公司如何对待用户的个人数据？,How does the company handle users personal data?,1.0,0.24,0.3870967741935484,50
faiss_bm25_ts,bm25_ts,Kershaw Health Limited与Lotus Technology达成了什么协议？,What agreement has Kershaw Health Limited reached with Lotus Technology?,1.0,0.0684931506849315,0.1282051282051282,73
faiss_bm25_ts,bm25_ts,Kershaw Health Limited认购Lotus Technology的债券金额是多少？,What is the amount of bonds subscribed by Kershaw Health Limited for Lotus Technology?,1.0,0.07228915662650602,0.1348314606741573,83
faiss_bm25_ts,bm25_ts,Kershaw Health Limited与Lotus Technology的交易进展如何？,What is the current status of the transaction between Kershaw Health Limited and Lotus Technology?,1.0,0.09433962264150944,0.1724137931034483,53
faiss_bm25_ts,bm25_ts,Lotus Technology在9月和10月的交付量分别是多少？,What were the delivery numbers for Lotus Technology in September and October?,0.9,0.16363636363636364,0.27692307692307694,55
faiss_bm25_ts,bm25_ts,介绍一下吉利控股？吉利控股给路特斯科技带来什么助力？,What is Geely Holding? How does Geely Holding support Lotus Technology?,0.84375,0.574468085106383,0.6835443037974684,47
faiss_bm25_ts_hyde,bm25_ts_hyde,路特斯科技的总部位于哪里？,Where is the headquarters of Lotus Technology located?,1.0,0.17073170731707318,0.2916666666666667,41
faiss_bm25_ts_hyde,bm25_ts_hyde,路特斯科技股票在哪个交易所交易？股票代码是多少？,Where is Lotus Technology's stock traded? What is the stock code for Lotus Technology?,0.7,0.30434782608695654,0.42424242424242425,46
faiss_bm25_ts_hyde,bm25_ts_hyde,路特斯科技的一股美国存托股份【ADS】代表多少股普通股？,How many ordinary shares does one American Depositary Share (ADS) of Lotus Technology represent?,1.0,0.057692307692307696,0.1090909090909091,104
faiss_bm25_ts_hyde,bm25_ts_hyde,路特斯科技的主营业务是什么？,What is the main business of Lotus Technology?,1.0,0.1643835616438356,0.2823529411764706,73
faiss_bm25_ts_hyde,bm25_ts_hyde,路特斯科技与路特斯汽车的关系是什么？,What is the relationship between Lotus Technology and Lotus Cars?,1.0,0.09722222222222222,0.17721518987341772,72
faiss_bm25_ts_hyde,bm25_ts_hyde,路特斯科技与吉利汽车的关系是什么？,What is the relationship between Lotus Technology and Geely Auto?,0.875,0.14,0.24137931034482757,50
faiss_bm25_ts_hyde,bm25_ts_hyde,路特斯科技的股东结构构成？,What is the shareholder structure of Lotus Technology?,1.0,0.1111111111111111,0.19999999999999998,63
faiss_bm25_ts_hyde,bm25_ts_hyde,路特斯科技全球的门店数量是多少？生活用车已经进入多少国家、地区？,What is the total number of Lotus Technology stores globally?,1.0,0.104,0.18840579710144925,125
faiss_bm25_ts_hyde,bm25_ts_hyde,路特斯科技是否受到欧洲、美国对中国的关税影响？具体适用税率是多少？,Is Lotus Technology affected by tariffs imposed by Europe and the United States on China? What are the specific applicable tax rates?,0.7857142857142857,0.1864406779661017,0.3013698630136986,59
faiss_bm25_ts_hyde,bm25_ts_hyde,路特斯科技在售产品有哪些？价格是多少？,What are the products currently offered by Lotus Technology? What are the prices of these products?,0.6666666666666666,0.11764705882352941,0.2,51
faiss_bm25_ts_hyde,bm25_ts_hyde,路特斯科技截止上半年的全球交付数量是多少？,What is the global delivery volume of Lotus Technology as of the first half of the year?,0.7777777777777778,0.13725490196078433,0.23333333333333334,51
faiss_bm25_ts_hyde,bm25_ts_hyde,路特斯科技的商品销售毛利率是多少？,What is the gross margin of Lotus Technology?,1.0,0.04854368932038835,0.09259259259259259,103
faiss_bm25_ts_hyde,bm25_ts_hyde,路特斯科技最新的销售指引？,What is the latest sales guidance for Lotus Technology?,1.0,0.07462686567164178,0.13888888888888887,67
faiss_bm25_ts_hyde,bm25_ts_hyde,路特斯科技是否盈利？,Is Lotus Technology profitable?,1.0,0.07563025210084033,0.140625,119
faiss_bm25_ts_hyde,bm25_ts_hyde,路特斯科技的用户画像？,What is the user profile for Lotus Technology?,1.0,0.07894736842105263,0.14634146341463414,76
faiss_bm25_ts_hyde,bm25_ts_hyde,路特斯科技产品的交付周期是多少？,What is the delivery cycle for Lotus Technology products?,1.0,0.09090909090909091,0.16666666666666669,55
faiss_bm25_ts_hyde,bm25_ts_hyde,路特斯科技的员工数量？,What is the number of employees at Lotus Technology?,1.0,0.1111111111111111,0.19999999999999998,45
faiss_bm25_ts_hyde,bm25_ts_hyde,路特斯科技的研发投入？研发人员数量？,What is the R&D investment of Lotus Technology?,0.6666666666666666,0.023529411764705882,0.045454545454545456,170
faiss_bm25_ts_hyde,bm25_ts_hyde,路特斯科技的主要竞争优势是什么？,What are the main competitive advantages of Lotus Technology?,1.0,0.12903225806451613,0.2285714285714286,62
faiss_bm25_ts_hyde,bm25_ts_hyde,路特斯科技的远期目标？,What are the long-term goals of Lotus Technology?,1.0,0.18181818181818182,0.3076923076923077,44
faiss_bm25_ts_hyde,bm25_ts_hyde,路特斯科技2024年前9个月的业绩表现如何？,What is the performance of Lotus Technology for the first 9 months of 2024?,1.0,0.050505050505050504,0.09615384615384615,99
faiss_bm25_ts_hyde,bm25_ts_hyde,路特斯科技截止3季度的全球交付数量是多少？增长如何？,What is the global delivery volume of Lotus Technology as of the third quarter? How has the delivery volume grown?,1.0,0.15789473684210525,0.2727272727272727,57
faiss_bm25_ts_hyde,bm25_ts_hyde,路特斯科技前三季度生活用车和跑车的交付量分别是多少？,What were the delivery volumes of Lotus Technology's lifestyle vehicles and sports cars in the first three quarters?,0.6,0.06382978723404255,0.11538461538461536,47
faiss_bm25_ts_hyde,bm25_ts_hyde,路特斯科技第三季度的交付量是多少？,What is the delivery volume of Lotus Technology in the third quarter?,1.0,0.09259259259259259,0.1694915254237288,54
faiss_bm25_ts_hyde,bm25_ts_hyde,路特斯科技的毛利率是多少？经营性利润/亏损是多少？,What is the gross margin of Lotus Technology?,0.9473684210526315,0.07531380753138076,0.13953488372093023,239
faiss_bm25_ts_hyde,bm25_ts_hyde,路特斯科技的全年销售指引是多少？目前看是否能完成？,What is the full-year sales guidance for Lotus Technology? Is it currently on track to meet this guidance?,0.5333333333333333,0.0898876404494382,0.15384615384615383,89
faiss_bm25_ts_hyde,bm25_ts_hyde,路特斯科技的最新员工数量？研发人员数量？,What is the latest employee count for Lotus Technology?,0.9166666666666666,0.07801418439716312,0.1437908496732026,141
faiss_bm25_ts_hyde,bm25_ts_hyde,路特斯科技的欧洲市场、中国市场、北美市场分别的销售贡献如何？,"What are the sales contributions of Lotus Technology in the European market, Chinese market, and US market?",1.0,0.12162162162162163,0.21686746987951808,74
faiss_bm25_ts_hyde,bm25_ts_hyde,路特斯科技的欧洲、中国、美国分别的门店数量占比如何？,"What is the distribution of Lotus Technology's store numbers in Europe, China, and the United States?",1.0,0.11363636363636363,0.20408163265306123,44
faiss_bm25_ts_hyde,bm25_ts_hyde,路特斯生活用车和跑车的销售占比分别怎样？,What is the sales ratio of Lotus Technology's lifestyle vehicles and sports cars?,0.875,0.12962962962962962,0.22580645161290322,54
faiss_bm25_ts_hyde,bm25_ts_hyde,路特斯科技在2024年有哪些关键性成就？,What are the key achievements of Lotus Technology in 2024?,1.0,0.14285714285714285,0.25,77
faiss_bm25_ts_hyde,bm25_ts_hyde,路特斯科技的平均MSRP在什么水平？,What is the average MSRP for Lotus Technology?,1.0,0.21568627450980393,0.3548387096774193,51
faiss_bm25_ts_hyde,bm25_ts_hyde,路特斯科技在2024年进入了哪些新市场？,What new markets did Lotus Technology enter in 2024?,1.0,0.07894736842105263,0.14634146341463414,76
faiss_bm25_ts_hyde,bm25_ts_hyde,路特斯科技有哪些ESG成就？,What are the ESG achievements of Lotus Technology?,1.0,0.16176470588235295,0.27848101265822783,68
faiss_bm25_ts_hyde,bm25_ts_hyde,路特斯的智能驾驶有哪些成就？,What are the achievements of Lotus Technology in smart driving?,1.0,0.19047619047619047,0.32,63
faiss_bm25_ts_hyde,bm25_ts_hyde,智能驾驶业务（也就是路特斯机器人）的销售额？,What are the sales figures for the intelligent driving business (Lotus Robotics)?,1.0,0.06329113924050633,0.11904761904761907,79
faiss_bm25_ts_hyde,bm25_ts_hyde,介绍一下路特斯智能驾驶的NOA服务？,Can you provide an introduction to Lotus Technology's NOA (Navigate on Autopilot) service?,1.0,0.11904761904761904,0.21276595744680848,42
faiss_bm25_ts_hyde,bm25_ts_hyde,介绍一下路特斯的Vision80计划和Win26计划,Can you introduce Lotus Technology's Vision80 plan and Win26 plan?,1.0,0.13157894736842105,0.23255813953488372,38
faiss_bm25_ts_hyde,bm25_ts_hyde,路特斯科技2024年1-10月的销量是多少？,What are the sales figures for Lotus Technology from January to October 2024?,1.0,0.06578947368421052,0.12345679012345677,76
faiss_bm25_ts_hyde,bm25_ts_hyde,前10个月欧洲市场和中国市场的销量贡献分别是多少？,What are the sales contributions of the European and Chinese markets for the first 10 months?,1.0,0.11904761904761904,0.21276595744680848,42
faiss_bm25_ts_hyde,bm25_ts_hyde,哪些市场已经在销售Eletre？,Which markets are already selling the Eletre?,1.0,0.09433962264150944,0.1724137931034483,53
faiss_bm25_ts_hyde,bm25_ts_hyde,路特斯的实控人是谁？,Who is the actual controller of Lotus Technology?,1.0,0.09090909090909091,0.16666666666666669,55
faiss_bm25_ts_hyde,bm25_ts_hyde,路特斯是上市公司吗？,Is Lotus Technology a publicly listed company?,0.8,0.0625,0.11594202898550725,64
faiss_bm25_ts_hyde,bm25_ts_hyde,On which exchange is Lotus Technology Inc's stock traded and what is the stock ticker?,On which exchange is Lotus Technology Inc's stock traded?,0.6,0.1276595744680851,0.21052631578947367,47
faiss_bm25_ts_hyde,bm25_ts_hyde,Tell me more about Lotus management team,Tell me more about the management team of Lotus Technology,1.0,0.11363636363636363,0.20408163265306123,44
faiss_bm25_ts_hyde,bm25_ts_hyde,Who are the core management team of Lotus?,Who are the core management team members of Lotus Technology?,1.0,0.13513513513513514,0.2380952380952381,37
faiss_bm25_ts_hyde,bm25_ts_hyde,路特斯科技全球门店数量是多少？生活用车已经进入多少国家、地区？,What is the number of global stores for Lotus Technology?,0.8823529411764706,0.13636363636363635,0.23622047244094488,110
faiss_bm25_ts_hyde,bm25_ts_hyde,路特斯的主要股东有哪些？,What are the major shareholders of Lotus Technology?,1.0,0.09433962264150944,0.1724137931034483,53
faiss_bm25_ts_hyde,bm25_ts_hyde,路特斯科技在售产品有哪些？价格是多少？,What are the products currently offered by Lotus Technology?,1.0,0.03636363636363636,0.07017543859649122,110
faiss_bm25_ts_hyde,bm25_ts_hyde,截止2季度的全球销量是多少？,What is the global sales volume as of the second quarter for Lotus Technology?,1.0,0.08571428571428572,0.15789473684210528,70
faiss_bm25_ts_hyde,bm25_ts_hyde,预计2024年销量是多少？,What is the expected sales volume for 2024 for Lotus Technology?,1.0,0.05813953488372093,0.10989010989010987,86
faiss_bm25_ts_hyde,bm25_ts_hyde,路特斯的主要竞争优势是什么？,What are the main competitive advantages of Lotus Technology?,1.0,0.14516129032258066,0.2535211267605634,62
faiss_bm25_ts_hyde,bm25_ts_hyde,路特斯的长期战略目标是什么？,What is the long-term strategic goal of Lotus Technology?,1.0,0.1568627450980392,0.2711864406779661,51
faiss_bm25_ts_hyde,bm25_ts_hyde,路特斯科技和LVMH的关系是什么？,What is the relationship between Lotus Technology and LVMH?,1.0,0.109375,0.19718309859154928,64
faiss_bm25_ts_hyde,bm25_ts_hyde,路特斯科技和路特斯汽车的关系是什么？,What is the relationship between Lotus Technology and Lotus Cars?,1.0,0.1111111111111111,0.19999999999999998,72
faiss_bm25_ts_hyde,bm25_ts_hyde,2024年9月27日LTIL和Geely UK Limited之间签署的股权转让协议，请简述协议内容,"Please summarize the content of the share transfer agreement signed between LTIL and Geely UK Limited on September 27, 2024",0.8,0.125,0.21621621621621623,32
faiss_bm25_ts_hyde,bm25_ts_hyde,2024年9月27日签署的股权转让协议完成之后，LTIC的股权结构是怎样的？,"What will be the equity structure of LTIC after the share transfer agreement signed on September 27, 2024, is completed?",0.8,0.07272727272727272,0.13333333333333333,55
faiss_bm25_ts_hyde,bm25_ts_hyde,LTIC向Geely UK Limited转让LTIC股权的转让对价是多少？,What is the consideration for the transfer of LTIC shares to Geely UK Limited?,1.0,0.1282051282051282,0.22727272727272727,39
faiss_bm25_ts_hyde,bm25_ts_hyde,Lotus Technology公告的最近一次融资是什么交易？具体的交易情况是什么样？,What was the most recent financing transaction announced by Lotus Technology? What are the specific details of this transaction?,0.5,0.04672897196261682,0.08547008547008547,107
faiss_bm25_ts_hyde,bm25_ts_hyde,介绍一下Kershaw Health Limited,Can you provide an introduction to Kershaw Health Limited?,1.0,0.07575757575757576,0.14084507042253522,66
faiss_bm25_ts_hyde,bm25_ts_hyde,公司对全球豪华电动车市场持什么观点？对行业竞争怎么看？,What is the company's view on the global luxury electric vehicle market? What is the company's perspective on industry competition?,0.8,0.21052631578947367,0.3333333333333333,57
faiss_bm25_ts_hyde,bm25_ts_hyde,三款Eletre有什么区别,What are the differences between the three versions of the Eletre?,1.0,0.14,0.24561403508771928,50
faiss_bm25_ts_hyde,bm25_ts_hyde,路特斯是否仍在销售燃油车,Is Lotus still selling gasoline cars?,0.5714285714285714,0.06153846153846154,0.11111111111111112,65
faiss_bm25_ts_hyde,bm25_ts_hyde,简述Lotus Technology的公司架构,Please provide a brief overview of Lotus Technology's company structure.,1.0,0.15,0.2608695652173913,60
faiss_bm25_ts_hyde,bm25_ts_hyde,Lotus Technology是VIE架构吗？,Is Lotus Technology structured as a VIE (Variable Interest Entity)?,1.0,0.234375,0.379746835443038,64
faiss_bm25_ts_hyde,bm25_ts_hyde,路特斯科技在2024年1季度、2季度、3季度的跑车和生活用车交付量分别是多少？,"What are the delivery volumes of sports cars and lifestyle vehicles for Lotus Tech in Q1, Q2, and Q3 of 2024?",1.0,0.2653061224489796,0.41935483870967744,49
faiss_bm25_ts_hyde,bm25_ts_hyde,路特斯科技在2024年1季度、2季度、3季度中国、北美、欧洲、其他市场的交付量分别是多少？,"What are the delivery volumes of Lotus Tech in China, the United States, Europe, and other markets for Q1, Q2, and Q3 of 2024?",1.0,0.3125,0.47619047619047616,48
faiss_bm25_ts_hyde,bm25_ts_hyde,路特斯科技是否拥有路特斯品牌？,Does Lotus Tech own the Lotus brand?,0.8888888888888888,0.11764705882352941,0.20779220779220778,68
faiss_bm25_ts_hyde,bm25_ts_hyde,路特斯科技的盈利水平和现金流情况怎么样？,What is the profit level and cash flow situation of Lotus Tech?,0.9333333333333333,0.109375,0.1958041958041958,128
faiss_bm25_ts_hyde,bm25_ts_hyde,公司如何对待用户的个人数据？,How does the company handle users personal data?,0.9166666666666666,0.25,0.3928571428571429,44
faiss_bm25_ts_hyde,bm25_ts_hyde,Kershaw Health Limited与Lotus Technology达成了什么协议？,What agreement has Kershaw Health Limited reached with Lotus Technology?,1.0,0.0847457627118644,0.15625,59
faiss_bm25_ts_hyde,bm25_ts_hyde,Kershaw Health Limited认购Lotus Technology的债券金额是多少？,What is the amount of bonds subscribed by Kershaw Health Limited for Lotus Technology?,1.0,0.08955223880597014,0.1643835616438356,67
faiss_bm25_ts_hyde,bm25_ts_hyde,Kershaw Health Limited与Lotus Technology的交易进展如何？,What is the current status of the transaction between Kershaw Health Limited and Lotus Technology?,1.0,0.125,0.2222222222222222,40
faiss_bm25_ts_hyde,bm25_ts_hyde,Lotus Technology在9月和10月的交付量分别是多少？,What were the delivery numbers for Lotus Technology in September and October?,0.7,0.15217391304347827,0.25,46
faiss_bm25_ts_hyde,bm25_ts_hyde,介绍一下吉利控股？吉利控股给路特斯科技带来什么助力？,What is Geely Holding? How does Geely Holding support Lotus Technology?,0.84375,0.5625,0.675,48
faiss_expand,faiss_expand,路特斯科技的总部位于哪里？,Where is the headquarters of Lotus Technology located?,1.0,0.1076923076923077,0.19444444444444445,65
faiss_expand,faiss_expand,路特斯科技股票在哪个交易所交易？股票代码是多少？,Where is Lotus Technology's stock traded? What is the stock code for Lotus Technology?,0.7,0.2153846153846154,0.32941176470588235,65
faiss_expand,faiss_expand,路特斯科技的一股美国存托股份【ADS】代表多少股普通股？,How many ordinary shares does one American Depositary Share (ADS) of Lotus Technology represent?,1.0,0.09230769230769231,0.16901408450704225,65
faiss_expand,faiss_expand,路特斯科技的主营业务是什么？,What is the main business of Lotus Technology?,1.0,0.18461538461538463,0.3116883116883117,65
faiss_expand,faiss_expand,路特斯科技与路特斯汽车的关系是什么？,What is the relationship between Lotus Technology and Lotus Cars?,0.8571428571428571,0.09230769230769231,0.16666666666666666,65
faiss_expand,faiss_expand,路特斯科技与吉利汽车的关系是什么？,What is the relationship between Lotus Technology and Geely Auto?,0.875,0.1076923076923077,0.1917808219178082,65
faiss_expand,faiss_expand,路特斯科技的股东结构构成？,What is the shareholder structure of Lotus Technology?,0.8571428571428571,0.09230769230769231,0.16666666666666666,65
faiss_expand,faiss_expand,路特斯科技全球的门店数量是多少？生活用车已经进入多少国家、地区？,What is the total number of Lotus Technology stores globally?,0.8461538461538461,0.08461538461538462,0.15384615384615383,130
faiss_expand,faiss_expand,路特斯科技是否受到欧洲、美国对中国的关税影响？具体适用税率是多少？,Is Lotus Technology affected by tariffs imposed by Europe and the United States on China? What are the specific applicable tax rates?,0.7142857142857143,0.15384615384615385,0.25316455696202533,65
faiss_expand,faiss_expand,路特斯科技在售产品有哪些？价格是多少？,What are the products currently offered by Lotus Technology? What are the prices of these products?,0.6666666666666666,0.09230769230769231,0.16216216216216217,65
faiss_expand,faiss_expand,路特斯科技截止上半年的全球交付数量是多少？,What is the global delivery volume of Lotus Technology as of the first half of the year?,1.0,0.13846153846153847,0.24324324324324326,65
faiss_expand,faiss_expand,路特斯科技的商品销售毛利率是多少？,What is the gross margin of Lotus Technology?,0.8,0.06153846153846154,0.1142857142857143,65
faiss_expand,faiss_expand,路特斯科技最新的销售指引？,What is the latest sales guidance for Lotus Technology?,0.6,0.046153846153846156,0.08571428571428573,65
faiss_expand,faiss_expand,路特斯科技是否盈利？,Is Lotus Technology profitable?,1.0,0.13846153846153847,0.24324324324324326,65
faiss_expand,faiss_expand,路特斯科技的用户画像？,What is the user profile for Lotus Technology?,0.6666666666666666,0.06153846153846154,0.11267605633802817,65
faiss_expand,faiss_expand,路特斯科技产品的交付周期是多少？,What is the delivery cycle for Lotus Technology products?,0.8,0.06153846153846154,0.1142857142857143,65
faiss_expand,faiss_expand,路特斯科技的员工数量？,What is the number of employees at Lotus Technology?,0.8,0.06153846153846154,0.1142857142857143,65
faiss_expand,faiss_expand,路特斯科技的研发投入？研发人员数量？,What is the R&D investment of Lotus Technology?,0.6666666666666666,0.03076923076923077,0.05882352941176471,130
faiss_expand,faiss_expand,路特斯科技的主要竞争优势是什么？,What are the main competitive advantages of Lotus Technology?,1.0,0.12307692307692308,0.21917808219178084,65
faiss_expand,faiss_expand,路特斯科技的远期目标？,What are the long-term goals of Lotus Technology?,1.0,0.12307692307692308,0.21917808219178084,65
faiss_expand,faiss_expand,路特斯科技2024年前9个月的业绩表现如何？,What is the performance of Lotus Technology for the first 9 months of 2024?,1.0,0.07692307692307693,0.14285714285714288,65
faiss_expand,faiss_expand,路特斯科技截止3季度的全球交付数量是多少？增长如何？,What is the global delivery volume of Lotus Technology as of the third quarter? How has the delivery volume grown?,0.7777777777777778,0.1076923076923077,0.18918918918918923,65
faiss_expand,faiss_expand,路特斯科技前三季度生活用车和跑车的交付量分别是多少？,What were the delivery volumes of Lotus Technology's lifestyle vehicles and sports cars in the first three quarters?,0.4,0.03076923076923077,0.05714285714285715,65
faiss_expand,faiss_expand,路特斯科技第三季度的交付量是多少？,What is the delivery volume of Lotus Technology in the third quarter?,0.6,0.046153846153846156,0.08571428571428573,65
faiss_expand,faiss_expand,路特斯科技的毛利率是多少？经营性利润/亏损是多少？,What is the gross margin of Lotus Technology?,0.631578947368421,0.08955223880597014,0.15686274509803919,134
faiss_expand,faiss_expand,路特斯科技的全年销售指引是多少？目前看是否能完成？,What is the full-year sales guidance for Lotus Technology? Is it currently on track to meet this guidance?,0.3333333333333333,0.07692307692307693,0.125,65
faiss_expand,faiss_expand,路特斯科技的最新员工数量？研发人员数量？,What is the latest employee count for Lotus Technology?,0.6666666666666666,0.06153846153846154,0.11267605633802817,130
faiss_expand,faiss_expand,路特斯科技的欧洲市场、中国市场、北美市场分别的销售贡献如何？,"What are the sales contributions of Lotus Technology in the European market, Chinese market, and US market?",0.6666666666666666,0.09230769230769231,0.16216216216216217,65
faiss_expand,faiss_expand,路特斯科技的欧洲、中国、美国分别的门店数量占比如何？,"What is the distribution of Lotus Technology's store numbers in Europe, China, and the United States?",0.8,0.06153846153846154,0.1142857142857143,65
faiss_expand,faiss_expand,路特斯生活用车和跑车的销售占比分别怎样？,What is the sales ratio of Lotus Technology's lifestyle vehicles and sports cars?,0.875,0.1076923076923077,0.1917808219178082,65
faiss_expand,faiss_expand,路特斯科技在2024年有哪些关键性成就？,What are the key achievements of Lotus Technology in 2024?,0.8181818181818182,0.13846153846153847,0.2368421052631579,65
faiss_expand,faiss_expand,路特斯科技的平均MSRP在什么水平？,What is the average MSRP for Lotus Technology?,0.18181818181818182,0.03076923076923077,0.052631578947368425,65
faiss_expand,faiss_expand,路特斯科技在2024年进入了哪些新市场？,What new markets did Lotus Technology enter in 2024?,1.0,0.09230769230769231,0.16901408450704225,65
faiss_expand,faiss_expand,路特斯科技有哪些ESG成就？,What are the ESG achievements of Lotus Technology?,0.8181818181818182,0.13846153846153847,0.2368421052631579,65
faiss_expand,faiss_expand,路特斯的智能驾驶有哪些成就？,What are the achievements of Lotus Technology in smart driving?,1.0,0.18461538461538463,0.3116883116883117,65
faiss_expand,faiss_expand,智能驾驶业务（也就是路特斯机器人）的销售额？,What are the sales figures for the intelligent driving business (Lotus Robotics)?,1.0,0.07692307692307693,0.14285714285714288,65
faiss_expand,faiss_expand,介绍一下路特斯智能驾驶的NOA服务？,Can you provide an introduction to Lotus Technology's NOA (Navigate on Autopilot) service?,1.0,0.07692307692307693,0.14285714285714288,65
faiss_expand,faiss_expand,介绍一下路特斯的Vision80计划和Win26计划,Can you introduce Lotus Technology's Vision80 plan and Win26 plan?,1.0,0.07692307692307693,0.14285714285714288,65
faiss_expand,faiss_expand,路特斯科技2024年1-10月的销量是多少？,What are the sales figures for Lotus Technology from January to October 2024?,0.8,0.06153846153846154,0.1142857142857143,65
faiss_expand,faiss_expand,前10个月欧洲市场和中国市场的销量贡献分别是多少？,What are the sales contributions of the European and Chinese markets for the first 10 months?,1.0,0.07692307692307693,0.14285714285714288,65
faiss_expand,faiss_expand,哪些市场已经在销售Eletre？,Which markets are already selling the Eletre?,1.0,0.07692307692307693,0.14285714285714288,65
faiss_expand,faiss_expand,路特斯的实控人是谁？,Who is the actual controller of Lotus Technology?,1.0,0.07692307692307693,0.14285714285714288,65
faiss_expand,faiss_expand,路特斯是上市公司吗？,Is Lotus Technology a publicly listed company?,0.8,0.06153846153846154,0.1142857142857143,65
faiss_expand,faiss_expand,On which exchange is Lotus Technology Inc's stock traded and what is the stock ticker?,On which exchange is Lotus Technology Inc's stock traded?,0.7,0.1076923076923077,0.18666666666666665,65
faiss_expand,faiss_expand,Tell me more about Lotus management team,Tell me more about the management team of Lotus Technology,0.8,0.06153846153846154,0.1142857142857143,65
faiss_expand,faiss_expand,Who are the core management team of Lotus?,Who are the core management team members of Lotus Technology?,1.0,0.07692307692307693,0.14285714285714288,65
faiss_expand,faiss_expand,路特斯科技全球门店数量是多少？生活用车已经进入多少国家、地区？,What is the number of global stores for Lotus Technology?,0.8823529411764706,0.11538461538461539,0.20408163265306123,130
faiss_expand,faiss_expand,路特斯的主要股东有哪些？,What are the major shareholders of Lotus Technology?,0.8,0.06153846153846154,0.1142857142857143,65
faiss_expand,faiss_expand,路特斯科技在售产品有哪些？价格是多少？,What are the products currently offered by Lotus Technology?,0.75,0.023076923076923078,0.04477611940298507,130
faiss_expand,faiss_expand,截止2季度的全球销量是多少？,What is the global sales volume as of the second quarter for Lotus Technology?,1.0,0.09230769230769231,0.16901408450704225,65
faiss_expand,faiss_expand,预计2024年销量是多少？,What is the expected sales volume for 2024 for Lotus Technology?,0.8,0.06153846153846154,0.1142857142857143,65
faiss_expand,faiss_expand,路特斯的主要竞争优势是什么？,What are the main competitive advantages of Lotus Technology?,1.0,0.13846153846153847,0.24324324324324326,65
faiss_expand,faiss_expand,路特斯的长期战略目标是什么？,What is the long-term strategic goal of Lotus Technology?,0.875,0.1076923076923077,0.1917808219178082,65
faiss_expand,faiss_expand,路特斯科技和LVMH的关系是什么？,What is the relationship between Lotus Technology and LVMH?,1.0,0.1076923076923077,0.19444444444444445,65
faiss_expand,faiss_expand,路特斯科技和路特斯汽车的关系是什么？,What is the relationship between Lotus Technology and Lotus Cars?,0.75,0.09230769230769231,0.16438356164383564,65
faiss_expand,faiss_expand,2024年9月27日LTIL和Geely UK Limited之间签署的股权转让协议，请简述协议内容,"Please summarize the content of the share transfer agreement signed between LTIL and Geely UK Limited on September 27, 2024",0.8,0.06153846153846154,0.1142857142857143,65
faiss_expand,faiss_expand,2024年9月27日签署的股权转让协议完成之后，LTIC的股权结构是怎样的？,"What will be the equity structure of LTIC after the share transfer agreement signed on September 27, 2024, is completed?",0.4,0.03076923076923077,0.05714285714285715,65
faiss_expand,faiss_expand,LTIC向Geely UK Limited转让LTIC股权的转让对价是多少？,What is the consideration for the transfer of LTIC shares to Geely UK Limited?,1.0,0.07692307692307693,0.14285714285714288,65
faiss_expand,faiss_expand,Lotus Technology公告的最近一次融资是什么交易？具体的交易情况是什么样？,What was the most recent financing transaction announced by Lotus Technology? What are the specific details of this transaction?,0.1,0.015384615384615385,0.02666666666666667,65
faiss_expand,faiss_expand,介绍一下Kershaw Health Limited,Can you provide an introduction to Kershaw Health Limited?,0.8,0.06153846153846154,0.1142857142857143,65
faiss_expand,faiss_expand,公司对全球豪华电动车市场持什么观点？对行业竞争怎么看？,What is the company's view on the global luxury electric vehicle market? What is the company's perspective on industry competition?,0.8,0.18461538461538463,0.3,65
faiss_expand,faiss_expand,三款Eletre有什么区别,What are the differences between the three versions of the Eletre?,1.0,0.1076923076923077,0.19444444444444445,65
faiss_expand,faiss_expand,路特斯是否仍在销售燃油车,Is Lotus still selling gasoline cars?,0.5714285714285714,0.06153846153846154,0.11111111111111112,65
faiss_expand,faiss_expand,简述Lotus Technology的公司架构,Please provide a brief overview of Lotus Technology's company structure.,0.7777777777777778,0.1076923076923077,0.18918918918918923,65
faiss_expand,faiss_expand,Lotus Technology是VIE架构吗？,Is Lotus Technology structured as a VIE (Variable Interest Entity)?,0.9333333333333333,0.2153846153846154,0.3500000000000001,65
faiss_expand,faiss_expand,路特斯科技在2024年1季度、2季度、3季度的跑车和生活用车交付量分别是多少？,"What are the delivery volumes of sports cars and lifestyle vehicles for Lotus Tech in Q1, Q2, and Q3 of 2024?",0.8461538461538461,0.16923076923076924,0.28205128205128205,65
faiss_expand,faiss_expand,路特斯科技在2024年1季度、2季度、3季度中国、北美、欧洲、其他市场的交付量分别是多少？,"What are the delivery volumes of Lotus Tech in China, the United States, Europe, and other markets for Q1, Q2, and Q3 of 2024?",0.8,0.18461538461538463,0.3,65
faiss_expand,faiss_expand,路特斯科技是否拥有路特斯品牌？,Does Lotus Tech own the Lotus brand?,0.7777777777777778,0.1076923076923077,0.18918918918918923,65
faiss_expand,faiss_expand,路特斯科技的盈利水平和现金流情况怎么样？,What is the profit level and cash flow situation of Lotus Tech?,0.4666666666666667,0.1076923076923077,0.17500000000000004,65
faiss_expand,faiss_expand,公司如何对待用户的个人数据？,How does the company handle users personal data?,0.9166666666666666,0.16923076923076924,0.28571428571428575,65
faiss_expand,faiss_expand,Kershaw Health Limited与Lotus Technology达成了什么协议？,What agreement has Kershaw Health Limited reached with Lotus Technology?,1.0,0.07692307692307693,0.14285714285714288,65
faiss_expand,faiss_expand,Kershaw Health Limited认购Lotus Technology的债券金额是多少？,What is the amount of bonds subscribed by Kershaw Health Limited for Lotus Technology?,0.6666666666666666,0.06153846153846154,0.11267605633802817,65
faiss_expand,faiss_expand,Kershaw Health Limited与Lotus Technology的交易进展如何？,What is the current status of the transaction between Kershaw Health Limited and Lotus Technology?,1.0,0.07692307692307693,0.14285714285714288,65
faiss_expand,faiss_expand,Lotus Technology在9月和10月的交付量分别是多少？,What were the delivery numbers for Lotus Technology in September and October?,0.8,0.12307692307692308,0.21333333333333335,65
faiss_expand,faiss_expand,介绍一下吉利控股？吉利控股给路特斯科技带来什么助力？,What is Geely Holding? How does Geely Holding support Lotus Technology?,0.9375,0.46153846153846156,0.6185567010309277,65
faiss_hyde(qwen72b),faiss_hyde(qwen72b),路特斯科技的总部位于哪里？,Where is the headquarters of Lotus Technology located?,1.0,0.109375,0.19718309859154928,64
faiss_hyde(qwen72b),faiss_hyde(qwen72b),路特斯科技股票在哪个交易所交易？股票代码是多少？,Where is Lotus Technology's stock traded? What is the stock code for Lotus Technology?,0.7,0.23333333333333334,0.35,60
faiss_hyde(qwen72b),faiss_hyde(qwen72b),路特斯科技的一股美国存托股份【ADS】代表多少股普通股？,How many ordinary shares does one American Depositary Share (ADS) of Lotus Technology represent?,0.8333333333333334,0.07692307692307693,0.14084507042253522,65
faiss_hyde(qwen72b),faiss_hyde(qwen72b),路特斯科技的主营业务是什么？,What is the main business of Lotus Technology?,0.9166666666666666,0.1527777777777778,0.2619047619047619,72
faiss_hyde(qwen72b),faiss_hyde(qwen72b),路特斯科技与路特斯汽车的关系是什么？,What is the relationship between Lotus Technology and Lotus Cars?,0.8571428571428571,0.09836065573770492,0.17647058823529413,61
faiss_hyde(qwen72b),faiss_hyde(qwen72b),路特斯科技与吉利汽车的关系是什么？,What is the relationship between Lotus Technology and Geely Auto?,0.875,0.14285714285714285,0.2456140350877193,49
faiss_hyde(qwen72b),faiss_hyde(qwen72b),路特斯科技的股东结构构成？,What is the shareholder structure of Lotus Technology?,0.8571428571428571,0.0821917808219178,0.15,73
faiss_hyde(qwen72b),faiss_hyde(qwen72b),路特斯科技全球的门店数量是多少？生活用车已经进入多少国家、地区？,What is the total number of Lotus Technology stores globally?,0.9230769230769231,0.1,0.18045112781954886,120
faiss_hyde(qwen72b),faiss_hyde(qwen72b),路特斯科技是否受到欧洲、美国对中国的关税影响？具体适用税率是多少？,Is Lotus Technology affected by tariffs imposed by Europe and the United States on China? What are the specific applicable tax rates?,0.7142857142857143,0.17543859649122806,0.2816901408450704,57
faiss_hyde(qwen72b),faiss_hyde(qwen72b),路特斯科技在售产品有哪些？价格是多少？,What are the products currently offered by Lotus Technology? What are the prices of these products?,0.5555555555555556,0.06578947368421052,0.11764705882352941,76
faiss_hyde(qwen72b),faiss_hyde(qwen72b),路特斯科技截止上半年的全球交付数量是多少？,What is the global delivery volume of Lotus Technology as of the first half of the year?,0.8888888888888888,0.13114754098360656,0.2285714285714286,61
faiss_hyde(qwen72b),faiss_hyde(qwen72b),路特斯科技的商品销售毛利率是多少？,What is the gross margin of Lotus Technology?,1.0,0.08064516129032258,0.1492537313432836,62
faiss_hyde(qwen72b),faiss_hyde(qwen72b),路特斯科技最新的销售指引？,What is the latest sales guidance for Lotus Technology?,1.0,0.06097560975609756,0.11494252873563218,82
faiss_hyde(qwen72b),faiss_hyde(qwen72b),路特斯科技是否盈利？,Is Lotus Technology profitable?,1.0,0.10843373493975904,0.1956521739130435,83
faiss_hyde(qwen72b),faiss_hyde(qwen72b),路特斯科技的用户画像？,What is the user profile for Lotus Technology?,0.8333333333333334,0.06666666666666667,0.1234567901234568,75
faiss_hyde(qwen72b),faiss_hyde(qwen72b),路特斯科技产品的交付周期是多少？,What is the delivery cycle for Lotus Technology products?,0.8,0.0625,0.11594202898550725,64
faiss_hyde(qwen72b),faiss_hyde(qwen72b),路特斯科技的员工数量？,What is the number of employees at Lotus Technology?,0.8,0.05063291139240506,0.09523809523809523,79
faiss_hyde(qwen72b),faiss_hyde(qwen72b),路特斯科技的研发投入？研发人员数量？,What is the R&D investment of Lotus Technology?,0.6666666666666666,0.02857142857142857,0.0547945205479452,140
faiss_hyde(qwen72b),faiss_hyde(qwen72b),路特斯科技的主要竞争优势是什么？,What are the main competitive advantages of Lotus Technology?,0.75,0.09375,0.16666666666666666,64
faiss_hyde(qwen72b),faiss_hyde(qwen72b),路特斯科技的远期目标？,What are the long-term goals of Lotus Technology?,1.0,0.14545454545454545,0.25396825396825395,55
faiss_hyde(qwen72b),faiss_hyde(qwen72b),路特斯科技2024年前9个月的业绩表现如何？,What is the performance of Lotus Technology for the first 9 months of 2024?,1.0,0.07936507936507936,0.14705882352941177,63
faiss_hyde(qwen72b),faiss_hyde(qwen72b),路特斯科技截止3季度的全球交付数量是多少？增长如何？,What is the global delivery volume of Lotus Technology as of the third quarter? How has the delivery volume grown?,0.8888888888888888,0.13333333333333333,0.2318840579710145,60
faiss_hyde(qwen72b),faiss_hyde(qwen72b),路特斯科技前三季度生活用车和跑车的交付量分别是多少？,What were the delivery volumes of Lotus Technology's lifestyle vehicles and sports cars in the first three quarters?,0.8,0.06557377049180328,0.12121212121212123,61
faiss_hyde(qwen72b),faiss_hyde(qwen72b),路特斯科技第三季度的交付量是多少？,What is the delivery volume of Lotus Technology in the third quarter?,0.6,0.04838709677419355,0.08955223880597016,62
faiss_hyde(qwen72b),faiss_hyde(qwen72b),路特斯科技的毛利率是多少？经营性利润/亏损是多少？,What is the gross margin of Lotus Technology?,0.5789473684210527,0.08333333333333333,0.14569536423841056,132
faiss_hyde(qwen72b),faiss_hyde(qwen72b),路特斯科技的全年销售指引是多少？目前看是否能完成？,What is the full-year sales guidance for Lotus Technology? Is it currently on track to meet this guidance?,0.4666666666666667,0.08974358974358974,0.15053763440860216,78
faiss_hyde(qwen72b),faiss_hyde(qwen72b),路特斯科技的最新员工数量？研发人员数量？,What is the latest employee count for Lotus Technology?,0.6666666666666666,0.058394160583941604,0.10738255033557045,137
faiss_hyde(qwen72b),faiss_hyde(qwen72b),路特斯科技的欧洲市场、中国市场、北美市场分别的销售贡献如何？,"What are the sales contributions of Lotus Technology in the European market, Chinese market, and US market?",0.4444444444444444,0.058823529411764705,0.10389610389610389,68
faiss_hyde(qwen72b),faiss_hyde(qwen72b),路特斯科技的欧洲、中国、美国分别的门店数量占比如何？,"What is the distribution of Lotus Technology's store numbers in Europe, China, and the United States?",0.8,0.0851063829787234,0.15384615384615383,47
faiss_hyde(qwen72b),faiss_hyde(qwen72b),路特斯生活用车和跑车的销售占比分别怎样？,What is the sales ratio of Lotus Technology's lifestyle vehicles and sports cars?,0.875,0.11666666666666667,0.20588235294117646,60
faiss_hyde(qwen72b),faiss_hyde(qwen72b),路特斯科技在2024年有哪些关键性成就？,What are the key achievements of Lotus Technology in 2024?,0.8181818181818182,0.12162162162162163,0.21176470588235297,74
faiss_hyde(qwen72b),faiss_hyde(qwen72b),路特斯科技的平均MSRP在什么水平？,What is the average MSRP for Lotus Technology?,0.5454545454545454,0.09375,0.16,64
faiss_hyde(qwen72b),faiss_hyde(qwen72b),路特斯科技在2024年进入了哪些新市场？,What new markets did Lotus Technology enter in 2024?,1.0,0.09836065573770492,0.1791044776119403,61
faiss_hyde(qwen72b),faiss_hyde(qwen72b),路特斯科技有哪些ESG成就？,What are the ESG achievements of Lotus Technology?,0.9090909090909091,0.13513513513513514,0.23529411764705882,74
faiss_hyde(qwen72b),faiss_hyde(qwen72b),路特斯的智能驾驶有哪些成就？,What are the achievements of Lotus Technology in smart driving?,0.8333333333333334,0.20833333333333334,0.33333333333333337,48
faiss_hyde(qwen72b),faiss_hyde(qwen72b),智能驾驶业务（也就是路特斯机器人）的销售额？,What are the sales figures for the intelligent driving business (Lotus Robotics)?,1.0,0.07575757575757576,0.14084507042253522,66
faiss_hyde(qwen72b),faiss_hyde(qwen72b),介绍一下路特斯智能驾驶的NOA服务？,Can you provide an introduction to Lotus Technology's NOA (Navigate on Autopilot) service?,1.0,0.1111111111111111,0.19999999999999998,45
faiss_hyde(qwen72b),faiss_hyde(qwen72b),介绍一下路特斯的Vision80计划和Win26计划,Can you introduce Lotus Technology's Vision80 plan and Win26 plan?,1.0,0.1,0.18181818181818182,50
faiss_hyde(qwen72b),faiss_hyde(qwen72b),路特斯科技2024年1-10月的销量是多少？,What are the sales figures for Lotus Technology from January to October 2024?,0.8,0.06451612903225806,0.11940298507462686,62
faiss_hyde(qwen72b),faiss_hyde(qwen72b),前10个月欧洲市场和中国市场的销量贡献分别是多少？,What are the sales contributions of the European and Chinese markets for the first 10 months?,1.0,0.08928571428571429,0.1639344262295082,56
faiss_hyde(qwen72b),faiss_hyde(qwen72b),哪些市场已经在销售Eletre？,Which markets are already selling the Eletre?,1.0,0.1111111111111111,0.19999999999999998,45
faiss_hyde(qwen72b),faiss_hyde(qwen72b),路特斯的实控人是谁？,Who is the actual controller of Lotus Technology?,1.0,0.07246376811594203,0.13513513513513511,69
faiss_hyde(qwen72b),faiss_hyde(qwen72b),路特斯是上市公司吗？,Is Lotus Technology a publicly listed company?,0.8,0.05555555555555555,0.10389610389610389,72
faiss_hyde(qwen72b),faiss_hyde(qwen72b),On which exchange is Lotus Technology Inc's stock traded and what is the stock ticker?,On which exchange is Lotus Technology Inc's stock traded?,0.6,0.09230769230769231,0.16,65
faiss_hyde(qwen72b),faiss_hyde(qwen72b),Tell me more about Lotus management team,Tell me more about the management team of Lotus Technology,1.0,0.06944444444444445,0.12987012987012989,72
faiss_hyde(qwen72b),faiss_hyde(qwen72b),Who are the core management team of Lotus?,Who are the core management team members of Lotus Technology?,1.0,0.08064516129032258,0.1492537313432836,62
faiss_hyde(qwen72b),faiss_hyde(qwen72b),路特斯科技全球门店数量是多少？生活用车已经进入多少国家、地区？,What is the number of global stores for Lotus Technology?,0.9411764705882353,0.13333333333333333,0.23357664233576642,120
faiss_hyde(qwen72b),faiss_hyde(qwen72b),路特斯的主要股东有哪些？,What are the major shareholders of Lotus Technology?,1.0,0.07692307692307693,0.14285714285714288,65
faiss_hyde(qwen72b),faiss_hyde(qwen72b),路特斯科技在售产品有哪些？价格是多少？,What are the products currently offered by Lotus Technology?,1.0,0.026143790849673203,0.05095541401273886,153
faiss_hyde(qwen72b),faiss_hyde(qwen72b),截止2季度的全球销量是多少？,What is the global sales volume as of the second quarter for Lotus Technology?,1.0,0.0821917808219178,0.1518987341772152,73
faiss_hyde(qwen72b),faiss_hyde(qwen72b),预计2024年销量是多少？,What is the expected sales volume for 2024 for Lotus Technology?,0.8,0.056338028169014086,0.10526315789473684,71
faiss_hyde(qwen72b),faiss_hyde(qwen72b),路特斯的主要竞争优势是什么？,What are the main competitive advantages of Lotus Technology?,0.8888888888888888,0.125,0.2191780821917808,64
faiss_hyde(qwen72b),faiss_hyde(qwen72b),路特斯的长期战略目标是什么？,What is the long-term strategic goal of Lotus Technology?,0.875,0.109375,0.19444444444444445,64
faiss_hyde(qwen72b),faiss_hyde(qwen72b),路特斯科技和LVMH的关系是什么？,What is the relationship between Lotus Technology and LVMH?,1.0,0.09333333333333334,0.17073170731707318,75
faiss_hyde(qwen72b),faiss_hyde(qwen72b),路特斯科技和路特斯汽车的关系是什么？,What is the relationship between Lotus Technology and Lotus Cars?,0.75,0.09836065573770492,0.17391304347826086,61
faiss_hyde(qwen72b),faiss_hyde(qwen72b),2024年9月27日LTIL和Geely UK Limited之间签署的股权转让协议，请简述协议内容,"Please summarize the content of the share transfer agreement signed between LTIL and Geely UK Limited on September 27, 2024",0.8,0.08888888888888889,0.15999999999999998,45
faiss_hyde(qwen72b),faiss_hyde(qwen72b),2024年9月27日签署的股权转让协议完成之后，LTIC的股权结构是怎样的？,"What will be the equity structure of LTIC after the share transfer agreement signed on September 27, 2024, is completed?",0.6,0.0375,0.07058823529411765,80
faiss_hyde(qwen72b),faiss_hyde(qwen72b),LTIC向Geely UK Limited转让LTIC股权的转让对价是多少？,What is the consideration for the transfer of LTIC shares to Geely UK Limited?,0.8,0.0625,0.11594202898550725,64
faiss_hyde(qwen72b),faiss_hyde(qwen72b),Lotus Technology公告的最近一次融资是什么交易？具体的交易情况是什么样？,What was the most recent financing transaction announced by Lotus Technology? What are the specific details of this transaction?,0.1,0.011764705882352941,0.021052631578947368,85
faiss_hyde(qwen72b),faiss_hyde(qwen72b),介绍一下Kershaw Health Limited,Can you provide an introduction to Kershaw Health Limited?,0.8,0.05333333333333334,0.1,75
faiss_hyde(qwen72b),faiss_hyde(qwen72b),公司对全球豪华电动车市场持什么观点？对行业竞争怎么看？,What is the company's view on the global luxury electric vehicle market? What is the company's perspective on industry competition?,0.9333333333333333,0.22580645161290322,0.36363636363636365,62
faiss_hyde(qwen72b),faiss_hyde(qwen72b),三款Eletre有什么区别,What are the differences between the three versions of the Eletre?,1.0,0.1891891891891892,0.3181818181818182,37
faiss_hyde(qwen72b),faiss_hyde(qwen72b),路特斯是否仍在销售燃油车,Is Lotus still selling gasoline cars?,0.8571428571428571,0.09090909090909091,0.1643835616438356,66
faiss_hyde(qwen72b),faiss_hyde(qwen72b),简述Lotus Technology的公司架构,Please provide a brief overview of Lotus Technology's company structure.,0.6666666666666666,0.07142857142857142,0.12903225806451613,84
faiss_hyde(qwen72b),faiss_hyde(qwen72b),Lotus Technology是VIE架构吗？,Is Lotus Technology structured as a VIE (Variable Interest Entity)?,0.9333333333333333,0.2413793103448276,0.3835616438356165,58
faiss_hyde(qwen72b),faiss_hyde(qwen72b),路特斯科技在2024年1季度、2季度、3季度的跑车和生活用车交付量分别是多少？,"What are the delivery volumes of sports cars and lifestyle vehicles for Lotus Tech in Q1, Q2, and Q3 of 2024?",1.0,0.2708333333333333,0.4262295081967213,48
faiss_hyde(qwen72b),faiss_hyde(qwen72b),路特斯科技在2024年1季度、2季度、3季度中国、北美、欧洲、其他市场的交付量分别是多少？,"What are the delivery volumes of Lotus Tech in China, the United States, Europe, and other markets for Q1, Q2, and Q3 of 2024?",0.8,0.25,0.38095238095238093,48
faiss_hyde(qwen72b),faiss_hyde(qwen72b),路特斯科技是否拥有路特斯品牌？,Does Lotus Tech own the Lotus brand?,0.8888888888888888,0.11594202898550725,0.20512820512820512,69
faiss_hyde(qwen72b),faiss_hyde(qwen72b),路特斯科技的盈利水平和现金流情况怎么样？,What is the profit level and cash flow situation of Lotus Tech?,0.5333333333333333,0.11764705882352941,0.19277108433734938,68
faiss_hyde(qwen72b),faiss_hyde(qwen72b),公司如何对待用户的个人数据？,How does the company handle users personal data?,0.75,0.16981132075471697,0.27692307692307694,53
faiss_hyde(qwen72b),faiss_hyde(qwen72b),Kershaw Health Limited与Lotus Technology达成了什么协议？,What agreement has Kershaw Health Limited reached with Lotus Technology?,1.0,0.06578947368421052,0.12345679012345677,76
faiss_hyde(qwen72b),faiss_hyde(qwen72b),Kershaw Health Limited认购Lotus Technology的债券金额是多少？,What is the amount of bonds subscribed by Kershaw Health Limited for Lotus Technology?,0.6666666666666666,0.06779661016949153,0.12307692307692307,59
faiss_hyde(qwen72b),faiss_hyde(qwen72b),Kershaw Health Limited与Lotus Technology的交易进展如何？,What is the current status of the transaction between Kershaw Health Limited and Lotus Technology?,1.0,0.06329113924050633,0.11904761904761907,79
faiss_hyde(qwen72b),faiss_hyde(qwen72b),Lotus Technology在9月和10月的交付量分别是多少？,What were the delivery numbers for Lotus Technology in September and October?,0.8,0.12903225806451613,0.2222222222222222,62
faiss_hyde(qwen72b),faiss_hyde(qwen72b),介绍一下吉利控股？吉利控股给路特斯科技带来什么助力？,What is Geely Holding? How does Geely Holding support Lotus Technology?,0.84375,0.5,0.627906976744186,54
faiss_hyde(qwen7b),faiss_hyde(qwen7b),路特斯科技的总部位于哪里？,Where is the headquarters of Lotus Technology located?,1.0,0.13725490196078433,0.24137931034482762,51
faiss_hyde(qwen7b),faiss_hyde(qwen7b),路特斯科技股票在哪个交易所交易？股票代码是多少？,Where is Lotus Technology's stock traded? What is the stock code for Lotus Technology?,0.65,0.22807017543859648,0.33766233766233766,57
faiss_hyde(qwen7b),faiss_hyde(qwen7b),路特斯科技的一股美国存托股份【ADS】代表多少股普通股？,How many ordinary shares does one American Depositary Share (ADS) of Lotus Technology represent?,0.8333333333333334,0.08620689655172414,0.15625000000000003,58
faiss_hyde(qwen7b),faiss_hyde(qwen7b),路特斯科技的主营业务是什么？,What is the main business of Lotus Technology?,0.9166666666666666,0.14102564102564102,0.2444444444444444,78
faiss_hyde(qwen7b),faiss_hyde(qwen7b),路特斯科技与路特斯汽车的关系是什么？,What is the relationship between Lotus Technology and Lotus Cars?,0.8571428571428571,0.09230769230769231,0.16666666666666666,65
faiss_hyde(qwen7b),faiss_hyde(qwen7b),路特斯科技与吉利汽车的关系是什么？,What is the relationship between Lotus Technology and Geely Auto?,0.875,0.12727272727272726,0.22222222222222224,55
faiss_hyde(qwen7b),faiss_hyde(qwen7b),路特斯科技的股东结构构成？,What is the shareholder structure of Lotus Technology?,1.0,0.11290322580645161,0.2028985507246377,62
faiss_hyde(qwen7b),faiss_hyde(qwen7b),路特斯科技全球的门店数量是多少？生活用车已经进入多少国家、地区？,What is the total number of Lotus Technology stores globally?,0.8461538461538461,0.10091743119266056,0.18032786885245905,109
faiss_hyde(qwen7b),faiss_hyde(qwen7b),路特斯科技是否受到欧洲、美国对中国的关税影响？具体适用税率是多少？,Is Lotus Technology affected by tariffs imposed by Europe and the United States on China? What are the specific applicable tax rates?,0.7857142857142857,0.19642857142857142,0.3142857142857143,56
faiss_hyde(qwen7b),faiss_hyde(qwen7b),路特斯科技在售产品有哪些？价格是多少？,What are the products currently offered by Lotus Technology? What are the prices of these products?,0.4444444444444444,0.05405405405405406,0.0963855421686747,74
faiss_hyde(qwen7b),faiss_hyde(qwen7b),路特斯科技截止上半年的全球交付数量是多少？,What is the global delivery volume of Lotus Technology as of the first half of the year?,0.8888888888888888,0.12698412698412698,0.2222222222222222,63
faiss_hyde(qwen7b),faiss_hyde(qwen7b),路特斯科技的商品销售毛利率是多少？,What is the gross margin of Lotus Technology?,1.0,0.09259259259259259,0.1694915254237288,54
faiss_hyde(qwen7b),faiss_hyde(qwen7b),路特斯科技最新的销售指引？,What is the latest sales guidance for Lotus Technology?,1.0,0.0641025641025641,0.12048192771084336,78
faiss_hyde(qwen7b),faiss_hyde(qwen7b),路特斯科技是否盈利？,Is Lotus Technology profitable?,1.0,0.1232876712328767,0.2195121951219512,73
faiss_hyde(qwen7b),faiss_hyde(qwen7b),路特斯科技的用户画像？,What is the user profile for Lotus Technology?,0.8333333333333334,0.06493506493506493,0.12048192771084336,77
faiss_hyde(qwen7b),faiss_hyde(qwen7b),路特斯科技产品的交付周期是多少？,What is the delivery cycle for Lotus Technology products?,0.8,0.057971014492753624,0.1081081081081081,69
faiss_hyde(qwen7b),faiss_hyde(qwen7b),路特斯科技的员工数量？,What is the number of employees at Lotus Technology?,0.8,0.05714285714285714,0.10666666666666666,70
faiss_hyde(qwen7b),faiss_hyde(qwen7b),路特斯科技的研发投入？研发人员数量？,What is the R&D investment of Lotus Technology?,0.6666666666666666,0.025477707006369428,0.049079754601226995,157
faiss_hyde(qwen7b),faiss_hyde(qwen7b),路特斯科技的主要竞争优势是什么？,What are the main competitive advantages of Lotus Technology?,0.75,0.07317073170731707,0.13333333333333333,82
faiss_hyde(qwen7b),faiss_hyde(qwen7b),路特斯科技的远期目标？,What are the long-term goals of Lotus Technology?,1.0,0.11940298507462686,0.21333333333333335,67
faiss_hyde(qwen7b),faiss_hyde(qwen7b),路特斯科技2024年前9个月的业绩表现如何？,What is the performance of Lotus Technology for the first 9 months of 2024?,1.0,0.0684931506849315,0.1282051282051282,73
faiss_hyde(qwen7b),faiss_hyde(qwen7b),路特斯科技截止3季度的全球交付数量是多少？增长如何？,What is the global delivery volume of Lotus Technology as of the third quarter? How has the delivery volume grown?,0.8888888888888888,0.12698412698412698,0.2222222222222222,63
faiss_hyde(qwen7b),faiss_hyde(qwen7b),路特斯科技前三季度生活用车和跑车的交付量分别是多少？,What were the delivery volumes of Lotus Technology's lifestyle vehicles and sports cars in the first three quarters?,1.0,0.1,0.18181818181818182,50
faiss_hyde(qwen7b),faiss_hyde(qwen7b),路特斯科技第三季度的交付量是多少？,What is the delivery volume of Lotus Technology in the third quarter?,0.6,0.046153846153846156,0.08571428571428573,65
faiss_hyde(qwen7b),faiss_hyde(qwen7b),路特斯科技的毛利率是多少？经营性利润/亏损是多少？,What is the gross margin of Lotus Technology?,0.5789473684210527,0.1,0.17054263565891475,110
faiss_hyde(qwen7b),faiss_hyde(qwen7b),路特斯科技的全年销售指引是多少？目前看是否能完成？,What is the full-year sales guidance for Lotus Technology? Is it currently on track to meet this guidance?,0.4666666666666667,0.09722222222222222,0.16091954022988508,72
faiss_hyde(qwen7b),faiss_hyde(qwen7b),路特斯科技的最新员工数量？研发人员数量？,What is the latest employee count for Lotus Technology?,0.75,0.0625,0.11538461538461539,144
faiss_hyde(qwen7b),faiss_hyde(qwen7b),路特斯科技的欧洲市场、中国市场、北美市场分别的销售贡献如何？,"What are the sales contributions of Lotus Technology in the European market, Chinese market, and US market?",0.5555555555555556,0.08064516129032258,0.1408450704225352,62
faiss_hyde(qwen7b),faiss_hyde(qwen7b),路特斯科技的欧洲、中国、美国分别的门店数量占比如何？,"What is the distribution of Lotus Technology's store numbers in Europe, China, and the United States?",0.8,0.07142857142857142,0.13114754098360656,56
faiss_hyde(qwen7b),faiss_hyde(qwen7b),路特斯生活用车和跑车的销售占比分别怎样？,What is the sales ratio of Lotus Technology's lifestyle vehicles and sports cars?,0.875,0.12280701754385964,0.2153846153846154,57
faiss_hyde(qwen7b),faiss_hyde(qwen7b),路特斯科技在2024年有哪些关键性成就？,What are the key achievements of Lotus Technology in 2024?,0.8181818181818182,0.1323529411764706,0.22784810126582278,68
faiss_hyde(qwen7b),faiss_hyde(qwen7b),路特斯科技的平均MSRP在什么水平？,What is the average MSRP for Lotus Technology?,0.18181818181818182,0.031746031746031744,0.05405405405405405,63
faiss_hyde(qwen7b),faiss_hyde(qwen7b),路特斯科技在2024年进入了哪些新市场？,What new markets did Lotus Technology enter in 2024?,1.0,0.08695652173913043,0.16,69
faiss_hyde(qwen7b),faiss_hyde(qwen7b),路特斯科技有哪些ESG成就？,What are the ESG achievements of Lotus Technology?,0.8181818181818182,0.140625,0.24000000000000002,64
faiss_hyde(qwen7b),faiss_hyde(qwen7b),路特斯的智能驾驶有哪些成就？,What are the achievements of Lotus Technology in smart driving?,0.75,0.1875,0.3,48
faiss_hyde(qwen7b),faiss_hyde(qwen7b),智能驾驶业务（也就是路特斯机器人）的销售额？,What are the sales figures for the intelligent driving business (Lotus Robotics)?,1.0,0.08064516129032258,0.1492537313432836,62
faiss_hyde(qwen7b),faiss_hyde(qwen7b),介绍一下路特斯智能驾驶的NOA服务？,Can you provide an introduction to Lotus Technology's NOA (Navigate on Autopilot) service?,1.0,0.11627906976744186,0.20833333333333334,43
faiss_hyde(qwen7b),faiss_hyde(qwen7b),介绍一下路特斯的Vision80计划和Win26计划,Can you introduce Lotus Technology's Vision80 plan and Win26 plan?,1.0,0.09090909090909091,0.16666666666666669,55
faiss_hyde(qwen7b),faiss_hyde(qwen7b),路特斯科技2024年1-10月的销量是多少？,What are the sales figures for Lotus Technology from January to October 2024?,0.8,0.058823529411764705,0.1095890410958904,68
faiss_hyde(qwen7b),faiss_hyde(qwen7b),前10个月欧洲市场和中国市场的销量贡献分别是多少？,What are the sales contributions of the European and Chinese markets for the first 10 months?,1.0,0.08771929824561403,0.16129032258064516,57
faiss_hyde(qwen7b),faiss_hyde(qwen7b),哪些市场已经在销售Eletre？,Which markets are already selling the Eletre?,1.0,0.10638297872340426,0.1923076923076923,47
faiss_hyde(qwen7b),faiss_hyde(qwen7b),路特斯的实控人是谁？,Who is the actual controller of Lotus Technology?,1.0,0.07352941176470588,0.13698630136986303,68
faiss_hyde(qwen7b),faiss_hyde(qwen7b),路特斯是上市公司吗？,Is Lotus Technology a publicly listed company?,0.8,0.04878048780487805,0.09195402298850576,82
faiss_hyde(qwen7b),faiss_hyde(qwen7b),On which exchange is Lotus Technology Inc's stock traded and what is the stock ticker?,On which exchange is Lotus Technology Inc's stock traded?,0.7,0.10144927536231885,0.17721518987341772,69
faiss_hyde(qwen7b),faiss_hyde(qwen7b),Tell me more about Lotus management team,Tell me more about the management team of Lotus Technology,1.0,0.09259259259259259,0.1694915254237288,54
faiss_hyde(qwen7b),faiss_hyde(qwen7b),Who are the core management team of Lotus?,Who are the core management team members of Lotus Technology?,1.0,0.09433962264150944,0.1724137931034483,53
faiss_hyde(qwen7b),faiss_hyde(qwen7b),路特斯科技全球门店数量是多少？生活用车已经进入多少国家、地区？,What is the number of global stores for Lotus Technology?,0.8235294117647058,0.11666666666666667,0.2043795620437956,120
faiss_hyde(qwen7b),faiss_hyde(qwen7b),路特斯的主要股东有哪些？,What are the major shareholders of Lotus Technology?,0.8,0.05714285714285714,0.10666666666666666,70
faiss_hyde(qwen7b),faiss_hyde(qwen7b),路特斯科技在售产品有哪些？价格是多少？,What are the products currently offered by Lotus Technology?,0.75,0.022058823529411766,0.04285714285714286,136
faiss_hyde(qwen7b),faiss_hyde(qwen7b),截止2季度的全球销量是多少？,What is the global sales volume as of the second quarter for Lotus Technology?,1.0,0.08,0.14814814814814814,75
faiss_hyde(qwen7b),faiss_hyde(qwen7b),预计2024年销量是多少？,What is the expected sales volume for 2024 for Lotus Technology?,0.8,0.0625,0.11594202898550725,64
faiss_hyde(qwen7b),faiss_hyde(qwen7b),路特斯的主要竞争优势是什么？,What are the main competitive advantages of Lotus Technology?,0.8888888888888888,0.0975609756097561,0.17582417582417584,82
faiss_hyde(qwen7b),faiss_hyde(qwen7b),路特斯的长期战略目标是什么？,What is the long-term strategic goal of Lotus Technology?,0.875,0.10294117647058823,0.1842105263157895,68
faiss_hyde(qwen7b),faiss_hyde(qwen7b),路特斯科技和LVMH的关系是什么？,What is the relationship between Lotus Technology and LVMH?,1.0,0.0958904109589041,0.175,73
faiss_hyde(qwen7b),faiss_hyde(qwen7b),路特斯科技和路特斯汽车的关系是什么？,What is the relationship between Lotus Technology and Lotus Cars?,0.75,0.09230769230769231,0.16438356164383564,65
faiss_hyde(qwen7b),faiss_hyde(qwen7b),2024年9月27日LTIL和Geely UK Limited之间签署的股权转让协议，请简述协议内容,"Please summarize the content of the share transfer agreement signed between LTIL and Geely UK Limited on September 27, 2024",1.0,0.06329113924050633,0.11904761904761907,79
faiss_hyde(qwen7b),faiss_hyde(qwen7b),2024年9月27日签署的股权转让协议完成之后，LTIC的股权结构是怎样的？,"What will be the equity structure of LTIC after the share transfer agreement signed on September 27, 2024, is completed?",0.6,0.05454545454545454,0.09999999999999999,55
faiss_hyde(qwen7b),faiss_hyde(qwen7b),LTIC向Geely UK Limited转让LTIC股权的转让对价是多少？,What is the consideration for the transfer of LTIC shares to Geely UK Limited?,0.8,0.056338028169014086,0.10526315789473684,71
faiss_hyde(qwen7b),faiss_hyde(qwen7b),Lotus Technology公告的最近一次融资是什么交易？具体的交易情况是什么样？,What was the most recent financing transaction announced by Lotus Technology? What are the specific details of this transaction?,0.2,0.0273972602739726,0.048192771084337345,73
faiss_hyde(qwen7b),faiss_hyde(qwen7b),介绍一下Kershaw Health Limited,Can you provide an introduction to Kershaw Health Limited?,0.8,0.05128205128205128,0.09638554216867469,78
faiss_hyde(qwen7b),faiss_hyde(qwen7b),公司对全球豪华电动车市场持什么观点？对行业竞争怎么看？,What is the company's view on the global luxury electric vehicle market? What is the company's perspective on industry competition?,0.8666666666666667,0.2653061224489796,0.40625,49
faiss_hyde(qwen7b),faiss_hyde(qwen7b),三款Eletre有什么区别,What are the differences between the three versions of the Eletre?,1.0,0.19444444444444445,0.32558139534883723,36
faiss_hyde(qwen7b),faiss_hyde(qwen7b),路特斯是否仍在销售燃油车,Is Lotus still selling gasoline cars?,0.7142857142857143,0.07352941176470588,0.13333333333333333,68
faiss_hyde(qwen7b),faiss_hyde(qwen7b),简述Lotus Technology的公司架构,Please provide a brief overview of Lotus Technology's company structure.,0.6666666666666666,0.07228915662650602,0.13043478260869565,83
faiss_hyde(qwen7b),faiss_hyde(qwen7b),Lotus Technology是VIE架构吗？,Is Lotus Technology structured as a VIE (Variable Interest Entity)?,0.8666666666666667,0.203125,0.32911392405063294,64
faiss_hyde(qwen7b),faiss_hyde(qwen7b),路特斯科技在2024年1季度、2季度、3季度的跑车和生活用车交付量分别是多少？,"What are the delivery volumes of sports cars and lifestyle vehicles for Lotus Tech in Q1, Q2, and Q3 of 2024?",1.0,0.2653061224489796,0.41935483870967744,49
faiss_hyde(qwen7b),faiss_hyde(qwen7b),路特斯科技在2024年1季度、2季度、3季度中国、北美、欧洲、其他市场的交付量分别是多少？,"What are the delivery volumes of Lotus Tech in China, the United States, Europe, and other markets for Q1, Q2, and Q3 of 2024?",0.8,0.2553191489361702,0.3870967741935484,47
faiss_hyde(qwen7b),faiss_hyde(qwen7b),路特斯科技是否拥有路特斯品牌？,Does Lotus Tech own the Lotus brand?,0.6666666666666666,0.08108108108108109,0.14457831325301207,74
faiss_hyde(qwen7b),faiss_hyde(qwen7b),路特斯科技的盈利水平和现金流情况怎么样？,What is the profit level and cash flow situation of Lotus Tech?,0.4666666666666667,0.10144927536231885,0.16666666666666669,69
faiss_hyde(qwen7b),faiss_hyde(qwen7b),公司如何对待用户的个人数据？,How does the company handle users personal data?,0.8333333333333334,0.18181818181818182,0.2985074626865672,55
faiss_hyde(qwen7b),faiss_hyde(qwen7b),Kershaw Health Limited与Lotus Technology达成了什么协议？,What agreement has Kershaw Health Limited reached with Lotus Technology?,1.0,0.06493506493506493,0.12195121951219512,77
faiss_hyde(qwen7b),faiss_hyde(qwen7b),Kershaw Health Limited认购Lotus Technology的债券金额是多少？,What is the amount of bonds subscribed by Kershaw Health Limited for Lotus Technology?,0.8333333333333334,0.08333333333333333,0.15151515151515152,60
faiss_hyde(qwen7b),faiss_hyde(qwen7b),Kershaw Health Limited与Lotus Technology的交易进展如何？,What is the current status of the transaction between Kershaw Health Limited and Lotus Technology?,1.0,0.078125,0.14492753623188406,64
faiss_hyde(qwen7b),faiss_hyde(qwen7b),Lotus Technology在9月和10月的交付量分别是多少？,What were the delivery numbers for Lotus Technology in September and October?,0.8,0.14814814814814814,0.25,54
faiss_hyde(qwen7b),faiss_hyde(qwen7b),介绍一下吉利控股？吉利控股给路特斯科技带来什么助力？,What is Geely Holding? How does Geely Holding support Lotus Technology?,0.78125,0.5319148936170213,0.6329113924050632,47
faiss_hyde(qwen7b-sft),faiss_hyde(qwen7b-sft),路特斯科技的总部位于哪里？,Where is the headquarters of Lotus Technology located?,1.0,0.10606060606060606,0.19178082191780824,66
faiss_hyde(qwen7b-sft),faiss_hyde(qwen7b-sft),路特斯科技股票在哪个交易所交易？股票代码是多少？,Where is Lotus Technology's stock traded? What is the stock code for Lotus Technology?,0.75,0.25,0.375,60
faiss_hyde(qwen7b-sft),faiss_hyde(qwen7b-sft),路特斯科技的一股美国存托股份【ADS】代表多少股普通股？,How many ordinary shares does one American Depositary Share (ADS) of Lotus Technology represent?,0.8333333333333334,0.078125,0.14285714285714285,64
faiss_hyde(qwen7b-sft),faiss_hyde(qwen7b-sft),路特斯科技的主营业务是什么？,What is the main business of Lotus Technology?,1.0,0.2,0.33333333333333337,60
faiss_hyde(qwen7b-sft),faiss_hyde(qwen7b-sft),路特斯科技与路特斯汽车的关系是什么？,What is the relationship between Lotus Technology and Lotus Cars?,0.8571428571428571,0.09375,0.16901408450704225,64
faiss_hyde(qwen7b-sft),faiss_hyde(qwen7b-sft),路特斯科技与吉利汽车的关系是什么？,What is the relationship between Lotus Technology and Geely Auto?,0.875,0.15217391304347827,0.2592592592592593,46
faiss_hyde(qwen7b-sft),faiss_hyde(qwen7b-sft),路特斯科技的股东结构构成？,What is the shareholder structure of Lotus Technology?,0.8571428571428571,0.08,0.14634146341463417,75
faiss_hyde(qwen7b-sft),faiss_hyde(qwen7b-sft),路特斯科技全球的门店数量是多少？生活用车已经进入多少国家、地区？,What is the total number of Lotus Technology stores globally?,0.9230769230769231,0.0975609756097561,0.17647058823529413,123
faiss_hyde(qwen7b-sft),faiss_hyde(qwen7b-sft),路特斯科技是否受到欧洲、美国对中国的关税影响？具体适用税率是多少？,Is Lotus Technology affected by tariffs imposed by Europe and the United States on China? What are the specific applicable tax rates?,0.7857142857142857,0.15942028985507245,0.2650602409638554,69
faiss_hyde(qwen7b-sft),faiss_hyde(qwen7b-sft),路特斯科技在售产品有哪些？价格是多少？,What are the products currently offered by Lotus Technology? What are the prices of these products?,0.7777777777777778,0.11666666666666667,0.2028985507246377,60
faiss_hyde(qwen7b-sft),faiss_hyde(qwen7b-sft),路特斯科技截止上半年的全球交付数量是多少？,What is the global delivery volume of Lotus Technology as of the first half of the year?,0.8888888888888888,0.1111111111111111,0.19753086419753085,72
faiss_hyde(qwen7b-sft),faiss_hyde(qwen7b-sft),路特斯科技的商品销售毛利率是多少？,What is the gross margin of Lotus Technology?,1.0,0.06756756756756757,0.12658227848101267,74
faiss_hyde(qwen7b-sft),faiss_hyde(qwen7b-sft),路特斯科技最新的销售指引？,What is the latest sales guidance for Lotus Technology?,1.0,0.05813953488372093,0.10989010989010987,86
faiss_hyde(qwen7b-sft),faiss_hyde(qwen7b-sft),路特斯科技是否盈利？,Is Lotus Technology profitable?,1.0,0.10112359550561797,0.18367346938775508,89
faiss_hyde(qwen7b-sft),faiss_hyde(qwen7b-sft),路特斯科技的用户画像？,What is the user profile for Lotus Technology?,0.8333333333333334,0.0641025641025641,0.11904761904761904,78
faiss_hyde(qwen7b-sft),faiss_hyde(qwen7b-sft),路特斯科技产品的交付周期是多少？,What is the delivery cycle for Lotus Technology products?,1.0,0.0684931506849315,0.1282051282051282,73
faiss_hyde(qwen7b-sft),faiss_hyde(qwen7b-sft),路特斯科技的员工数量？,What is the number of employees at Lotus Technology?,0.8,0.05063291139240506,0.09523809523809523,79
faiss_hyde(qwen7b-sft),faiss_hyde(qwen7b-sft),路特斯科技的研发投入？研发人员数量？,What is the R&D investment of Lotus Technology?,0.6666666666666666,0.02531645569620253,0.048780487804878044,158
faiss_hyde(qwen7b-sft),faiss_hyde(qwen7b-sft),路特斯科技的主要竞争优势是什么？,What are the main competitive advantages of Lotus Technology?,0.75,0.09375,0.16666666666666666,64
faiss_hyde(qwen7b-sft),faiss_hyde(qwen7b-sft),路特斯科技的远期目标？,What are the long-term goals of Lotus Technology?,1.0,0.11428571428571428,0.20512820512820512,70
faiss_hyde(qwen7b-sft),faiss_hyde(qwen7b-sft),路特斯科技2024年前9个月的业绩表现如何？,What is the performance of Lotus Technology for the first 9 months of 2024?,1.0,0.0641025641025641,0.12048192771084336,78
faiss_hyde(qwen7b-sft),faiss_hyde(qwen7b-sft),路特斯科技截止3季度的全球交付数量是多少？增长如何？,What is the global delivery volume of Lotus Technology as of the third quarter? How has the delivery volume grown?,0.8888888888888888,0.1111111111111111,0.19753086419753085,72
faiss_hyde(qwen7b-sft),faiss_hyde(qwen7b-sft),路特斯科技前三季度生活用车和跑车的交付量分别是多少？,What were the delivery volumes of Lotus Technology's lifestyle vehicles and sports cars in the first three quarters?,1.0,0.08771929824561403,0.16129032258064516,57
faiss_hyde(qwen7b-sft),faiss_hyde(qwen7b-sft),路特斯科技第三季度的交付量是多少？,What is the delivery volume of Lotus Technology in the third quarter?,0.8,0.06060606060606061,0.11267605633802819,66
faiss_hyde(qwen7b-sft),faiss_hyde(qwen7b-sft),路特斯科技的毛利率是多少？经营性利润/亏损是多少？,What is the gross margin of Lotus Technology?,0.5789473684210527,0.07801418439716312,0.1375,141
faiss_hyde(qwen7b-sft),faiss_hyde(qwen7b-sft),路特斯科技的全年销售指引是多少？目前看是否能完成？,What is the full-year sales guidance for Lotus Technology? Is it currently on track to meet this guidance?,0.4666666666666667,0.08333333333333333,0.1414141414141414,84
faiss_hyde(qwen7b-sft),faiss_hyde(qwen7b-sft),路特斯科技的最新员工数量？研发人员数量？,What is the latest employee count for Lotus Technology?,0.8333333333333334,0.06711409395973154,0.12422360248447205,149
faiss_hyde(qwen7b-sft),faiss_hyde(qwen7b-sft),路特斯科技的欧洲市场、中国市场、北美市场分别的销售贡献如何？,"What are the sales contributions of Lotus Technology in the European market, Chinese market, and US market?",0.4444444444444444,0.041666666666666664,0.07619047619047618,96
faiss_hyde(qwen7b-sft),faiss_hyde(qwen7b-sft),路特斯科技的欧洲、中国、美国分别的门店数量占比如何？,"What is the distribution of Lotus Technology's store numbers in Europe, China, and the United States?",0.8,0.07692307692307693,0.14035087719298248,52
faiss_hyde(qwen7b-sft),faiss_hyde(qwen7b-sft),路特斯生活用车和跑车的销售占比分别怎样？,What is the sales ratio of Lotus Technology's lifestyle vehicles and sports cars?,1.0,0.13793103448275862,0.2424242424242424,58
faiss_hyde(qwen7b-sft),faiss_hyde(qwen7b-sft),路特斯科技在2024年有哪些关键性成就？,What are the key achievements of Lotus Technology in 2024?,0.8181818181818182,0.14516129032258066,0.24657534246575347,62
faiss_hyde(qwen7b-sft),faiss_hyde(qwen7b-sft),路特斯科技的平均MSRP在什么水平？,What is the average MSRP for Lotus Technology?,0.8181818181818182,0.14516129032258066,0.24657534246575347,62
faiss_hyde(qwen7b-sft),faiss_hyde(qwen7b-sft),路特斯科技在2024年进入了哪些新市场？,What new markets did Lotus Technology enter in 2024?,1.0,0.0967741935483871,0.17647058823529413,62
faiss_hyde(qwen7b-sft),faiss_hyde(qwen7b-sft),路特斯科技有哪些ESG成就？,What are the ESG achievements of Lotus Technology?,1.0,0.14666666666666667,0.2558139534883721,75
faiss_hyde(qwen7b-sft),faiss_hyde(qwen7b-sft),路特斯的智能驾驶有哪些成就？,What are the achievements of Lotus Technology in smart driving?,0.8333333333333334,0.1694915254237288,0.2816901408450704,59
faiss_hyde(qwen7b-sft),faiss_hyde(qwen7b-sft),智能驾驶业务（也就是路特斯机器人）的销售额？,What are the sales figures for the intelligent driving business (Lotus Robotics)?,1.0,0.06172839506172839,0.11627906976744184,81
faiss_hyde(qwen7b-sft),faiss_hyde(qwen7b-sft),介绍一下路特斯智能驾驶的NOA服务？,Can you provide an introduction to Lotus Technology's NOA (Navigate on Autopilot) service?,1.0,0.08771929824561403,0.16129032258064516,57
faiss_hyde(qwen7b-sft),faiss_hyde(qwen7b-sft),介绍一下路特斯的Vision80计划和Win26计划,Can you introduce Lotus Technology's Vision80 plan and Win26 plan?,1.0,0.09259259259259259,0.1694915254237288,54
faiss_hyde(qwen7b-sft),faiss_hyde(qwen7b-sft),路特斯科技2024年1-10月的销量是多少？,What are the sales figures for Lotus Technology from January to October 2024?,1.0,0.07142857142857142,0.13333333333333333,70
faiss_hyde(qwen7b-sft),faiss_hyde(qwen7b-sft),前10个月欧洲市场和中国市场的销量贡献分别是多少？,What are the sales contributions of the European and Chinese markets for the first 10 months?,1.0,0.07936507936507936,0.14705882352941177,63
faiss_hyde(qwen7b-sft),faiss_hyde(qwen7b-sft),哪些市场已经在销售Eletre？,Which markets are already selling the Eletre?,1.0,0.1111111111111111,0.19999999999999998,45
faiss_hyde(qwen7b-sft),faiss_hyde(qwen7b-sft),路特斯的实控人是谁？,Who is the actual controller of Lotus Technology?,1.0,0.0684931506849315,0.1282051282051282,73
faiss_hyde(qwen7b-sft),faiss_hyde(qwen7b-sft),路特斯是上市公司吗？,Is Lotus Technology a publicly listed company?,0.8,0.04819277108433735,0.09090909090909091,83
faiss_hyde(qwen7b-sft),faiss_hyde(qwen7b-sft),On which exchange is Lotus Technology Inc's stock traded and what is the stock ticker?,On which exchange is Lotus Technology Inc's stock traded?,0.7,0.09722222222222222,0.17073170731707316,72
faiss_hyde(qwen7b-sft),faiss_hyde(qwen7b-sft),Tell me more about Lotus management team,Tell me more about the management team of Lotus Technology,1.0,0.07042253521126761,0.13157894736842107,71
faiss_hyde(qwen7b-sft),faiss_hyde(qwen7b-sft),Who are the core management team of Lotus?,Who are the core management team members of Lotus Technology?,1.0,0.08771929824561403,0.16129032258064516,57
faiss_hyde(qwen7b-sft),faiss_hyde(qwen7b-sft),路特斯科技全球门店数量是多少？生活用车已经进入多少国家、地区？,What is the number of global stores for Lotus Technology?,0.9411764705882353,0.13559322033898305,0.237037037037037,118
faiss_hyde(qwen7b-sft),faiss_hyde(qwen7b-sft),路特斯的主要股东有哪些？,What are the major shareholders of Lotus Technology?,0.8,0.057971014492753624,0.1081081081081081,69
faiss_hyde(qwen7b-sft),faiss_hyde(qwen7b-sft),路特斯科技在售产品有哪些？价格是多少？,What are the products currently offered by Lotus Technology?,1.0,0.03125,0.06060606060606061,128
faiss_hyde(qwen7b-sft),faiss_hyde(qwen7b-sft),截止2季度的全球销量是多少？,What is the global sales volume as of the second quarter for Lotus Technology?,1.0,0.07407407407407407,0.13793103448275862,81
faiss_hyde(qwen7b-sft),faiss_hyde(qwen7b-sft),预计2024年销量是多少？,What is the expected sales volume for 2024 for Lotus Technology?,0.8,0.05555555555555555,0.10389610389610389,72
faiss_hyde(qwen7b-sft),faiss_hyde(qwen7b-sft),路特斯的主要竞争优势是什么？,What are the main competitive advantages of Lotus Technology?,0.8888888888888888,0.125,0.2191780821917808,64
faiss_hyde(qwen7b-sft),faiss_hyde(qwen7b-sft),路特斯的长期战略目标是什么？,What is the long-term strategic goal of Lotus Technology?,1.0,0.1568627450980392,0.2711864406779661,51
faiss_hyde(qwen7b-sft),faiss_hyde(qwen7b-sft),路特斯科技和LVMH的关系是什么？,What is the relationship between Lotus Technology and LVMH?,1.0,0.10144927536231885,0.1842105263157895,69
faiss_hyde(qwen7b-sft),faiss_hyde(qwen7b-sft),路特斯科技和路特斯汽车的关系是什么？,What is the relationship between Lotus Technology and Lotus Cars?,0.75,0.09375,0.16666666666666666,64
faiss_hyde(qwen7b-sft),faiss_hyde(qwen7b-sft),2024年9月27日LTIL和Geely UK Limited之间签署的股权转让协议，请简述协议内容,"Please summarize the content of the share transfer agreement signed between LTIL and Geely UK Limited on September 27, 2024",0.8,0.08163265306122448,0.1481481481481481,49
faiss_hyde(qwen7b-sft),faiss_hyde(qwen7b-sft),2024年9月27日签署的股权转让协议完成之后，LTIC的股权结构是怎样的？,"What will be the equity structure of LTIC after the share transfer agreement signed on September 27, 2024, is completed?",0.8,0.058823529411764705,0.1095890410958904,68
faiss_hyde(qwen7b-sft),faiss_hyde(qwen7b-sft),LTIC向Geely UK Limited转让LTIC股权的转让对价是多少？,What is the consideration for the transfer of LTIC shares to Geely UK Limited?,1.0,0.08771929824561403,0.16129032258064516,57
faiss_hyde(qwen7b-sft),faiss_hyde(qwen7b-sft),Lotus Technology公告的最近一次融资是什么交易？具体的交易情况是什么样？,What was the most recent financing transaction announced by Lotus Technology? What are the specific details of this transaction?,0.1,0.013157894736842105,0.023255813953488372,76
faiss_hyde(qwen7b-sft),faiss_hyde(qwen7b-sft),介绍一下Kershaw Health Limited,Can you provide an introduction to Kershaw Health Limited?,0.8,0.047619047619047616,0.0898876404494382,84
faiss_hyde(qwen7b-sft),faiss_hyde(qwen7b-sft),公司对全球豪华电动车市场持什么观点？对行业竞争怎么看？,What is the company's view on the global luxury electric vehicle market? What is the company's perspective on industry competition?,0.8666666666666667,0.24074074074074073,0.37681159420289856,54
faiss_hyde(qwen7b-sft),faiss_hyde(qwen7b-sft),三款Eletre有什么区别,What are the differences between the three versions of the Eletre?,1.0,0.1320754716981132,0.23333333333333334,53
faiss_hyde(qwen7b-sft),faiss_hyde(qwen7b-sft),路特斯是否仍在销售燃油车,Is Lotus still selling gasoline cars?,0.2857142857142857,0.03278688524590164,0.05882352941176471,61
faiss_hyde(qwen7b-sft),faiss_hyde(qwen7b-sft),简述Lotus Technology的公司架构,Please provide a brief overview of Lotus Technology's company structure.,0.7777777777777778,0.0945945945945946,0.16867469879518074,74
faiss_hyde(qwen7b-sft),faiss_hyde(qwen7b-sft),Lotus Technology是VIE架构吗？,Is Lotus Technology structured as a VIE (Variable Interest Entity)?,0.9333333333333333,0.2153846153846154,0.3500000000000001,65
faiss_hyde(qwen7b-sft),faiss_hyde(qwen7b-sft),路特斯科技在2024年1季度、2季度、3季度的跑车和生活用车交付量分别是多少？,"What are the delivery volumes of sports cars and lifestyle vehicles for Lotus Tech in Q1, Q2, and Q3 of 2024?",1.0,0.23214285714285715,0.37681159420289856,56
faiss_hyde(qwen7b-sft),faiss_hyde(qwen7b-sft),路特斯科技在2024年1季度、2季度、3季度中国、北美、欧洲、其他市场的交付量分别是多少？,"What are the delivery volumes of Lotus Tech in China, the United States, Europe, and other markets for Q1, Q2, and Q3 of 2024?",0.8,0.21818181818181817,0.34285714285714286,55
faiss_hyde(qwen7b-sft),faiss_hyde(qwen7b-sft),路特斯科技是否拥有路特斯品牌？,Does Lotus Tech own the Lotus brand?,0.6666666666666666,0.07407407407407407,0.13333333333333333,81
faiss_hyde(qwen7b-sft),faiss_hyde(qwen7b-sft),路特斯科技的盈利水平和现金流情况怎么样？,What is the profit level and cash flow situation of Lotus Tech?,0.5333333333333333,0.0963855421686747,0.163265306122449,83
faiss_hyde(qwen7b-sft),faiss_hyde(qwen7b-sft),公司如何对待用户的个人数据？,How does the company handle users personal data?,0.9166666666666666,0.2037037037037037,0.3333333333333333,54
faiss_hyde(qwen7b-sft),faiss_hyde(qwen7b-sft),Kershaw Health Limited与Lotus Technology达成了什么协议？,What agreement has Kershaw Health Limited reached with Lotus Technology?,1.0,0.05813953488372093,0.10989010989010987,86
faiss_hyde(qwen7b-sft),faiss_hyde(qwen7b-sft),Kershaw Health Limited认购Lotus Technology的债券金额是多少？,What is the amount of bonds subscribed by Kershaw Health Limited for Lotus Technology?,0.6666666666666666,0.057971014492753624,0.10666666666666666,69
faiss_hyde(qwen7b-sft),faiss_hyde(qwen7b-sft),Kershaw Health Limited与Lotus Technology的交易进展如何？,What is the current status of the transaction between Kershaw Health Limited and Lotus Technology?,1.0,0.05555555555555555,0.10526315789473684,90
faiss_hyde(qwen7b-sft),faiss_hyde(qwen7b-sft),Lotus Technology在9月和10月的交付量分别是多少？,What were the delivery numbers for Lotus Technology in September and October?,0.9,0.14285714285714285,0.24657534246575338,63
faiss_hyde(qwen7b-sft),faiss_hyde(qwen7b-sft),介绍一下吉利控股？吉利控股给路特斯科技带来什么助力？,What is Geely Holding? How does Geely Holding support Lotus Technology?,0.84375,0.5869565217391305,0.6923076923076924,46
faiss_ts,ts,路特斯科技的总部位于哪里？,Where is the headquarters of Lotus Technology located?,1.0,0.14583333333333334,0.2545454545454546,48
faiss_ts,ts,路特斯科技股票在哪个交易所交易？股票代码是多少？,Where is Lotus Technology's stock traded? What is the stock code for Lotus Technology?,0.75,0.2830188679245283,0.4109589041095891,53
faiss_ts,ts,路特斯科技的一股美国存托股份【ADS】代表多少股普通股？,How many ordinary shares does one American Depositary Share (ADS) of Lotus Technology represent?,1.0,0.06451612903225806,0.12121212121212122,93
faiss_ts,ts,路特斯科技的主营业务是什么？,What is the main business of Lotus Technology?,1.0,0.2222222222222222,0.3636363636363636,54
faiss_ts,ts,路特斯科技与路特斯汽车的关系是什么？,What is the relationship between Lotus Technology and Lotus Cars?,1.0,0.1206896551724138,0.21538461538461542,58
faiss_ts,ts,路特斯科技与吉利汽车的关系是什么？,What is the relationship between Lotus Technology and Geely Auto?,0.875,0.12280701754385964,0.2153846153846154,57
faiss_ts,ts,路特斯科技的股东结构构成？,What is the shareholder structure of Lotus Technology?,1.0,0.12962962962962962,0.22950819672131148,54
faiss_ts,ts,路特斯科技全球的门店数量是多少？生活用车已经进入多少国家、地区？,What is the total number of Lotus Technology stores globally?,0.9230769230769231,0.10909090909090909,0.1951219512195122,110
faiss_ts,ts,路特斯科技是否受到欧洲、美国对中国的关税影响？具体适用税率是多少？,Is Lotus Technology affected by tariffs imposed by Europe and the United States on China? What are the specific applicable tax rates?,0.8571428571428571,0.18461538461538463,0.3037974683544304,65
faiss_ts,ts,路特斯科技在售产品有哪些？价格是多少？,What are the products currently offered by Lotus Technology? What are the prices of these products?,0.5555555555555556,0.1,0.16949152542372883,50
faiss_ts,ts,路特斯科技截止上半年的全球交付数量是多少？,What is the global delivery volume of Lotus Technology as of the first half of the year?,0.8888888888888888,0.16666666666666666,0.2807017543859649,48
faiss_ts,ts,路特斯科技的商品销售毛利率是多少？,What is the gross margin of Lotus Technology?,0.8,0.04819277108433735,0.09090909090909091,83
faiss_ts,ts,路特斯科技最新的销售指引？,What is the latest sales guidance for Lotus Technology?,0.8,0.08,0.14545454545454545,50
faiss_ts,ts,路特斯科技是否盈利？,Is Lotus Technology profitable?,1.0,0.11392405063291139,0.20454545454545456,79
faiss_ts,ts,路特斯科技的用户画像？,What is the user profile for Lotus Technology?,1.0,0.08571428571428572,0.15789473684210528,70
faiss_ts,ts,路特斯科技产品的交付周期是多少？,What is the delivery cycle for Lotus Technology products?,1.0,0.09615384615384616,0.17543859649122806,52
faiss_ts,ts,路特斯科技的员工数量？,What is the number of employees at Lotus Technology?,1.0,0.10204081632653061,0.1851851851851852,49
faiss_ts,ts,路特斯科技的研发投入？研发人员数量？,What is the R&D investment of Lotus Technology?,0.6666666666666666,0.03278688524590164,0.0625,122
faiss_ts,ts,路特斯科技的主要竞争优势是什么？,What are the main competitive advantages of Lotus Technology?,0.875,0.12727272727272726,0.22222222222222224,55
faiss_ts,ts,路特斯科技的远期目标？,What are the long-term goals of Lotus Technology?,1.0,0.1702127659574468,0.2909090909090909,47
faiss_ts,ts,路特斯科技2024年前9个月的业绩表现如何？,What is the performance of Lotus Technology for the first 9 months of 2024?,1.0,0.07142857142857142,0.13333333333333333,70
faiss_ts,ts,路特斯科技截止3季度的全球交付数量是多少？增长如何？,What is the global delivery volume of Lotus Technology as of the third quarter? How has the delivery volume grown?,0.7777777777777778,0.13725490196078433,0.23333333333333334,51
faiss_ts,ts,路特斯科技前三季度生活用车和跑车的交付量分别是多少？,What were the delivery volumes of Lotus Technology's lifestyle vehicles and sports cars in the first three quarters?,0.4,0.0392156862745098,0.07142857142857142,51
faiss_ts,ts,路特斯科技第三季度的交付量是多少？,What is the delivery volume of Lotus Technology in the third quarter?,0.6,0.05555555555555555,0.10169491525423728,54
faiss_ts,ts,路特斯科技的毛利率是多少？经营性利润/亏损是多少？,What is the gross margin of Lotus Technology?,0.7894736842105263,0.07653061224489796,0.13953488372093023,196
faiss_ts,ts,路特斯科技的全年销售指引是多少？目前看是否能完成？,What is the full-year sales guidance for Lotus Technology? Is it currently on track to meet this guidance?,0.3333333333333333,0.07042253521126761,0.11627906976744186,71
faiss_ts,ts,路特斯科技的最新员工数量？研发人员数量？,What is the latest employee count for Lotus Technology?,0.6666666666666666,0.064,0.11678832116788322,125
faiss_ts,ts,路特斯科技的欧洲市场、中国市场、北美市场分别的销售贡献如何？,"What are the sales contributions of Lotus Technology in the European market, Chinese market, and US market?",0.7777777777777778,0.14,0.23728813559322035,50
faiss_ts,ts,路特斯科技的欧洲、中国、美国分别的门店数量占比如何？,"What is the distribution of Lotus Technology's store numbers in Europe, China, and the United States?",1.0,0.09433962264150944,0.1724137931034483,53
faiss_ts,ts,路特斯生活用车和跑车的销售占比分别怎样？,What is the sales ratio of Lotus Technology's lifestyle vehicles and sports cars?,0.875,0.11666666666666667,0.20588235294117646,60
faiss_ts,ts,路特斯科技在2024年有哪些关键性成就？,What are the key achievements of Lotus Technology in 2024?,1.0,0.15492957746478872,0.26829268292682923,71
faiss_ts,ts,路特斯科技的平均MSRP在什么水平？,What is the average MSRP for Lotus Technology?,0.2727272727272727,0.05357142857142857,0.08955223880597014,56
faiss_ts,ts,路特斯科技在2024年进入了哪些新市场？,What new markets did Lotus Technology enter in 2024?,1.0,0.08450704225352113,0.15584415584415587,71
faiss_ts,ts,路特斯科技有哪些ESG成就？,What are the ESG achievements of Lotus Technology?,0.9090909090909091,0.16666666666666666,0.2816901408450704,60
faiss_ts,ts,路特斯的智能驾驶有哪些成就？,What are the achievements of Lotus Technology in smart driving?,0.9166666666666666,0.19642857142857142,0.32352941176470584,56
faiss_ts,ts,智能驾驶业务（也就是路特斯机器人）的销售额？,What are the sales figures for the intelligent driving business (Lotus Robotics)?,1.0,0.09259259259259259,0.1694915254237288,54
faiss_ts,ts,介绍一下路特斯智能驾驶的NOA服务？,Can you provide an introduction to Lotus Technology's NOA (Navigate on Autopilot) service?,1.0,0.09090909090909091,0.16666666666666669,55
faiss_ts,ts,介绍一下路特斯的Vision80计划和Win26计划,Can you introduce Lotus Technology's Vision80 plan and Win26 plan?,1.0,0.08928571428571429,0.1639344262295082,56
faiss_ts,ts,路特斯科技2024年1-10月的销量是多少？,What are the sales figures for Lotus Technology from January to October 2024?,0.8,0.05555555555555555,0.10389610389610389,72
faiss_ts,ts,前10个月欧洲市场和中国市场的销量贡献分别是多少？,What are the sales contributions of the European and Chinese markets for the first 10 months?,1.0,0.08928571428571429,0.1639344262295082,56
faiss_ts,ts,哪些市场已经在销售Eletre？,Which markets are already selling the Eletre?,1.0,0.078125,0.14492753623188406,64
faiss_ts,ts,路特斯的实控人是谁？,Who is the actual controller of Lotus Technology?,1.0,0.1,0.18181818181818182,50
faiss_ts,ts,路特斯是上市公司吗？,Is Lotus Technology a publicly listed company?,0.8,0.07547169811320754,0.13793103448275862,53
faiss_ts,ts,On which exchange is Lotus Technology Inc's stock traded and what is the stock ticker?,On which exchange is Lotus Technology Inc's stock traded?,0.7,0.125,0.21212121212121213,56
faiss_ts,ts,Tell me more about Lotus management team,Tell me more about the management team of Lotus Technology,0.6,0.057692307692307696,0.10526315789473685,52
faiss_ts,ts,Who are the core management team of Lotus?,Who are the core management team members of Lotus Technology?,1.0,0.10204081632653061,0.1851851851851852,49
faiss_ts,ts,路特斯科技全球门店数量是多少？生活用车已经进入多少国家、地区？,What is the number of global stores for Lotus Technology?,0.8823529411764706,0.14563106796116504,0.25,103
faiss_ts,ts,路特斯的主要股东有哪些？,What are the major shareholders of Lotus Technology?,0.8,0.08,0.14545454545454545,50
faiss_ts,ts,路特斯科技在售产品有哪些？价格是多少？,What are the products currently offered by Lotus Technology?,0.75,0.027777777777777776,0.05357142857142857,108
faiss_ts,ts,截止2季度的全球销量是多少？,What is the global sales volume as of the second quarter for Lotus Technology?,1.0,0.11320754716981132,0.2033898305084746,53
faiss_ts,ts,预计2024年销量是多少？,What is the expected sales volume for 2024 for Lotus Technology?,0.8,0.056338028169014086,0.10526315789473684,71
faiss_ts,ts,路特斯的主要竞争优势是什么？,What are the main competitive advantages of Lotus Technology?,1.0,0.16363636363636364,0.28125,55
faiss_ts,ts,路特斯的长期战略目标是什么？,What is the long-term strategic goal of Lotus Technology?,0.875,0.15217391304347827,0.2592592592592593,46
faiss_ts,ts,路特斯科技和LVMH的关系是什么？,What is the relationship between Lotus Technology and LVMH?,1.0,0.11475409836065574,0.2058823529411765,61
faiss_ts,ts,路特斯科技和路特斯汽车的关系是什么？,What is the relationship between Lotus Technology and Lotus Cars?,1.0,0.13793103448275862,0.2424242424242424,58
faiss_ts,ts,2024年9月27日LTIL和Geely UK Limited之间签署的股权转让协议，请简述协议内容,"Please summarize the content of the share transfer agreement signed between LTIL and Geely UK Limited on September 27, 2024",0.8,0.08,0.14545454545454545,50
faiss_ts,ts,2024年9月27日签署的股权转让协议完成之后，LTIC的股权结构是怎样的？,"What will be the equity structure of LTIC after the share transfer agreement signed on September 27, 2024, is completed?",0.4,0.031746031746031744,0.058823529411764705,63
faiss_ts,ts,LTIC向Geely UK Limited转让LTIC股权的转让对价是多少？,What is the consideration for the transfer of LTIC shares to Geely UK Limited?,1.0,0.08928571428571429,0.1639344262295082,56
faiss_ts,ts,Lotus Technology公告的最近一次融资是什么交易？具体的交易情况是什么样？,What was the most recent financing transaction announced by Lotus Technology? What are the specific details of this transaction?,0.4,0.044444444444444446,0.07999999999999999,90
faiss_ts,ts,介绍一下Kershaw Health Limited,Can you provide an introduction to Kershaw Health Limited?,1.0,0.06493506493506493,0.12195121951219512,77
faiss_ts,ts,公司对全球豪华电动车市场持什么观点？对行业竞争怎么看？,What is the company's view on the global luxury electric vehicle market? What is the company's perspective on industry competition?,0.8,0.1791044776119403,0.29268292682926833,67
faiss_ts,ts,三款Eletre有什么区别,What are the differences between the three versions of the Eletre?,1.0,0.1076923076923077,0.19444444444444445,65
faiss_ts,ts,路特斯是否仍在销售燃油车,Is Lotus still selling gasoline cars?,0.5714285714285714,0.06349206349206349,0.11428571428571427,63
faiss_ts,ts,简述Lotus Technology的公司架构,Please provide a brief overview of Lotus Technology's company structure.,1.0,0.18,0.3050847457627119,50
faiss_ts,ts,Lotus Technology是VIE架构吗？,Is Lotus Technology structured as a VIE (Variable Interest Entity)?,1.0,0.28846153846153844,0.44776119402985076,52
faiss_ts,ts,路特斯科技在2024年1季度、2季度、3季度的跑车和生活用车交付量分别是多少？,"What are the delivery volumes of sports cars and lifestyle vehicles for Lotus Tech in Q1, Q2, and Q3 of 2024?",1.0,0.23214285714285715,0.37681159420289856,56
faiss_ts,ts,路特斯科技在2024年1季度、2季度、3季度中国、北美、欧洲、其他市场的交付量分别是多少？,"What are the delivery volumes of Lotus Tech in China, the United States, Europe, and other markets for Q1, Q2, and Q3 of 2024?",0.8666666666666667,0.23636363636363636,0.37142857142857144,55
faiss_ts,ts,路特斯科技是否拥有路特斯品牌？,Does Lotus Tech own the Lotus brand?,1.0,0.14754098360655737,0.2571428571428572,61
faiss_ts,ts,路特斯科技的盈利水平和现金流情况怎么样？,What is the profit level and cash flow situation of Lotus Tech?,0.8666666666666667,0.14285714285714285,0.24528301886792456,91
faiss_ts,ts,公司如何对待用户的个人数据？,How does the company handle users personal data?,0.8333333333333334,0.19607843137254902,0.31746031746031744,51
faiss_ts,ts,Kershaw Health Limited与Lotus Technology达成了什么协议？,What agreement has Kershaw Health Limited reached with Lotus Technology?,1.0,0.07042253521126761,0.13157894736842107,71
faiss_ts,ts,Kershaw Health Limited认购Lotus Technology的债券金额是多少？,What is the amount of bonds subscribed by Kershaw Health Limited for Lotus Technology?,0.6666666666666666,0.05063291139240506,0.09411764705882351,79
faiss_ts,ts,Kershaw Health Limited与Lotus Technology的交易进展如何？,What is the current status of the transaction between Kershaw Health Limited and Lotus Technology?,1.0,0.10416666666666667,0.18867924528301885,48
faiss_ts,ts,Lotus Technology在9月和10月的交付量分别是多少？,What were the delivery numbers for Lotus Technology in September and October?,0.9,0.16981132075471697,0.2857142857142857,53
faiss_ts,ts,介绍一下吉利控股？吉利控股给路特斯科技带来什么助力？,What is Geely Holding? How does Geely Holding support Lotus Technology?,0.875,0.5283018867924528,0.6588235294117648,53
